,bad_flg_covaxin,bad_flg_covishield,female_vac,first_dose_admin,lgd_district_id,lgd_state_id,male_vac,second_dose_admin,total_covaxin,total_covishield,total_individuals_registered,total_sessions_conducted,total_sites,trans_vac
78,1.0,,13001,40534,1,1,27528,8634,0,49168,40534,6900,66,5
367,1.0,,14186,46012,2,1,31824,10473,0,56485,46012,13400,78,2
656,1.0,,32918,87839,3,1,54835,10808,0,98647,87839,23700,183,86
945,1.0,,11573,29863,4,1,18286,6310,0,36173,29863,1800,16,4
1234,1.0,,63477,165951,5,1,102456,30710,0,196661,165951,8200,77,18
1523,1.0,,17201,42277,7,1,25072,7562,0,49839,42277,4900,44,4
1812,1.0,,6987,26594,8,1,19604,7121,0,33715,26594,9700,66,3
2101,1.0,,7919,24438,10,1,16518,5786,0,30224,24438,5300,51,1
2390,1.0,,10302,35225,11,1,24920,6734,0,41959,35225,5200,52,3
2679,1.0,,12220,32043,12,1,19823,7817,0,39860,32043,4950,47,0
2968,1.0,,7854,53100,13,1,45245,18060,0,71160,53100,5400,53,1
3257,1.0,,13630,37209,14,1,23572,8358,0,45567,37209,6150,27,7
3546,1.0,,3373,13014,620,1,9640,3954,0,16968,13014,800,8,1
3835,,,4692,14988,621,1,10296,3673,0,18661,14988,1400,14,0
4124,1.0,,6707,21127,622,1,14418,5403,0,26530,21127,8900,45,2
4413,1.0,,3432,14172,623,1,10739,3659,0,17831,14172,2100,20,1
4702,1.0,,11297,31298,624,1,19996,5893,0,37191,31298,2100,21,5
4991,1.0,,4676,14415,625,1,9738,2637,0,17052,14415,3400,33,1
5280,1.0,,4917,15657,626,1,10740,2682,0,18339,15657,6000,59,0
5569,1.0,,5900,19117,627,1,13213,5263,0,24380,19117,3400,34,4
5858,1.0,,19053,37938,15,2,18880,4586,0,42524,37938,1600,10,5
6147,1.0,,19017,37136,16,2,18115,6072,0,43208,37136,5750,53,4
6436,,,27173,51126,17,2,23943,5937,0,57063,51126,1150,8,10
6725,1.0,,51663,104962,18,2,53282,16714,2,121674,104962,3450,31,17
7014,1.0,,5215,11179,19,2,5963,2259,0,13438,11179,400,4,1
7303,1.0,,15954,31444,20,2,15488,5803,0,37247,31444,1350,10,2
7592,,,1764,3597,21,2,1832,726,0,4323,3597,200,2,1
7881,1.0,,47984,90021,22,2,42028,15146,0,105167,90021,3700,37,9
8170,1.0,,30407,66532,23,2,36118,15035,0,81567,66532,2900,24,7
8459,1.0,,14665,29427,24,2,14761,6455,0,35882,29427,1850,14,1
8748,1.0,,12574,31046,25,2,18471,6585,0,37631,31046,3550,33,1
9037,,,22618,45077,26,2,22446,6386,0,51463,45077,1050,8,13
9326,,,44205,107258,27,3,63045,15343,13207,109394,107258,24650,228,8
9615,,,12515,34724,28,3,22209,4225,2529,36420,34724,6500,60,0
9904,,,8680,21086,29,3,12394,3651,320,24417,21086,8500,85,12
10193,,,4073,10813,30,3,6740,1466,509,11770,10813,1700,17,0
10482,,,8268,24184,31,3,15913,3615,4958,22841,24184,10250,102,3
10771,,,56065,126367,32,3,70283,7920,2713,131574,126367,24850,234,19
11060,,,38875,92784,33,3,53900,6916,2293,97407,92784,8000,80,9
11349,,,52979,124663,34,3,71671,12965,9376,128252,124663,23830,232,13
11638,,,10325,27270,35,3,16943,2596,1714,28152,27270,7700,77,2
11927,,,82000,209017,36,3,127002,23869,11439,221447,209017,127150,310,15
12216,,,2753,9128,37,3,6375,1709,1354,9483,9128,6600,65,0
12505,,,6874,18670,38,3,11794,2799,1617,19852,18670,4000,22,2
12794,,,5962,18817,39,3,12853,1649,1330,19136,18817,5100,45,2
13083,,,10451,25121,40,3,14666,2529,1482,26168,25121,3700,33,4
13372,,,22466,60853,41,3,38385,6996,4708,63141,60853,12200,102,2
13661,,,6393,16775,42,3,10381,2560,1667,17668,16775,12450,65,1
13950,,,8951,25251,43,3,16294,2812,704,27359,25251,27700,141,6
14239,,,5043,14407,605,3,9364,1028,1346,14089,14407,2100,18,0
14528,,,23660,57004,608,3,33341,7172,2770,61406,57004,7100,67,3
14817,,,11133,29380,609,3,18246,4726,3320,30786,29380,7200,43,1
15106,,,5672,19624,651,3,13951,1838,2164,19298,19624,10200,101,1
15395,,,18599,43222,662,3,24620,3172,5314,41080,43222,9900,54,3
15684,1.0,,30678,77241,44,4,46562,13602,0,90843,77241,6550,44,1
15973,1.0,,24565,44621,45,5,20054,7546,0,52167,44621,3700,20,2
16262,,,11959,22681,46,5,10722,3797,0,26478,22681,600,6,0
16551,1.0,,17509,38104,47,5,20586,6263,0,44367,38104,7200,18,9
16840,1.0,,8508,19010,48,5,10499,4601,0,23611,19010,2100,11,3
17129,1.0,,80685,175359,49,5,94658,30861,0,206220,175359,13600,81,16
17418,,,56205,133178,50,5,76961,30170,407,162941,133178,7850,45,12
17707,1.0,,34513,72588,51,5,38063,13836,0,86424,72588,10650,43,12
17996,,,30675,60046,52,5,29364,8022,0,68068,60046,4200,21,7
18285,1.0,,11175,25478,53,5,14299,8366,0,33844,25478,2100,14,4
18574,,,10083,18775,54,5,8689,2756,0,21531,18775,2400,14,3
18863,1.0,,22216,41166,55,5,18948,7675,0,48841,41166,5000,13,2
19152,1.0,,33971,75986,56,5,42002,12285,0,88271,75986,14200,46,13
19441,1.0,,20524,41448,57,5,20918,6813,0,48261,41448,9700,34,6
19730,,,67656,138832,58,6,71148,9092,19609,128315,138832,4700,47,28
20019,,,31720,60993,59,6,29264,5029,8780,57242,60993,4100,36,9
20308,,,71392,152544,60,6,81136,18139,14283,156400,152544,8900,50,16
20597,,,24095,45208,61,6,21111,3555,6882,41881,45208,5300,53,2
20886,,,103196,232706,62,6,129489,29069,31176,230599,232706,5450,37,21
21175,1.0,,28813,60891,63,6,32076,9644,195,70340,60891,2000,20,2
21464,1.0,,28439,54694,64,6,26249,4367,13028,46033,54694,2600,21,6
21753,1.0,,26432,50444,65,6,24003,4159,0,54603,50444,3500,31,9
22042,1.0,,22312,43036,66,6,20721,4406,6842,40600,43036,3000,30,3
22331,1.0,,45766,93387,67,6,47617,9792,16473,86706,93387,5450,54,4
22620,,,28108,57582,68,6,29471,3930,8180,53332,57582,2400,24,3
22909,,,27127,53527,69,6,26396,4255,5896,51886,53527,4400,40,4
23198,1.0,,30689,67832,70,6,37139,7808,13869,61771,67832,2500,24,4
23487,,,25399,54311,71,6,28906,4619,12690,46240,54311,4800,44,6
23776,,,30722,64101,72,6,33376,5860,7259,62702,64101,4350,35,3
24065,1.0,,25642,54061,73,6,28419,8074,6326,55809,54061,4200,42,0
24354,,,47790,92725,74,6,44912,5497,11841,86381,92725,5300,52,23
24643,,,47909,97517,75,6,49599,8618,20757,85378,97517,6200,50,9
24932,,,35335,72653,76,6,37308,6931,10069,69515,72653,4200,42,10
25221,,,6216,13496,604,6,7279,2458,3212,12742,13496,24600,82,1
25510,,,22720,45013,619,6,22283,2715,10105,37623,45013,6100,61,10
25799,,,17747,33982,701,6,16230,3059,8634,28407,33982,2400,24,5
26088,,,49254,133105,77,7,83840,33451,43570,122986,133105,13000,83,11
26377,,,35542,83357,78,7,47803,15431,10447,88341,83357,5500,45,12
26666,,,37046,106482,79,7,69429,30639,57651,79470,106482,7100,68,7
26955,,,28614,74506,80,7,45879,14696,25967,63235,74506,7900,58,13
27244,,,26097,73429,81,7,47313,22358,26702,69085,73429,4900,42,19
27533,,,66881,156578,82,7,89679,30214,43914,142878,156578,13850,111,18
27822,,,52576,137961,83,7,85372,36889,46629,128221,137961,7650,57,13
28111,,,46847,121132,84,7,74268,24871,24136,121867,121132,10700,83,17
28400,,,84533,193141,85,7,108497,32786,58628,167299,193141,11400,93,111
28689,,,48658,118274,670,7,69604,24226,39216,103284,118274,5500,54,12
28978,,,36717,92783,671,7,56056,21943,27902,86824,92783,5400,41,10
29267,,,135323,268367,86,8,133021,40424,19518,289273,268367,23950,118,23
29556,,,174615,360938,87,8,186288,45952,14219,392671,360938,51790,193,35
29845,,,85835,167084,88,8,81216,25828,5539,187373,167084,2300,21,33
30134,1.0,,50003,105720,89,8,55704,20529,4627,121622,105720,12190,54,13
30423,1.0,,112626,247430,90,8,134786,30857,23830,254457,247430,78750,194,18
30712,,,102255,218932,91,8,116651,23641,6181,236392,218932,18000,89,26
31001,,,107834,212871,92,8,104977,30601,6756,236716,212871,25350,90,60
31290,,,92561,204817,93,8,112240,29413,9958,224272,204817,23650,144,16
31579,,,74802,149035,94,8,74200,17123,4413,161745,149035,4450,39,33
31868,,,91347,180388,95,8,89024,23903,7777,196514,180388,20199,95,17
32157,,,80406,161257,96,8,80834,23252,1452,183057,161257,19800,88,17
32446,,,48847,104384,97,8,55528,13338,4231,113491,104384,17500,67,9
32735,,,56081,113097,98,8,57006,13077,4460,121714,113097,8800,45,10
33024,,,57207,111779,99,8,54550,22414,396,133797,111779,34000,73,22
33313,,,71522,153000,100,8,81459,29051,14287,167764,153000,35450,287,19
33602,,,52468,111419,101,8,58946,10861,2028,120252,111419,19450,74,5
33891,,,193480,443676,102,8,250129,71264,57521,457419,443676,49700,325,67
34180,1.0,,20902,55133,103,8,34227,13154,16613,51674,55133,10700,34,4
34469,,,70789,146134,104,8,75298,16658,2226,160566,146134,15450,71,47
34758,,,65141,135916,105,8,70763,20559,2379,154096,135916,12600,64,12
35047,,,108855,208155,106,8,99278,21905,3264,226796,208155,26100,151,22
35336,,,133820,299828,107,8,165974,51902,46507,305223,299828,77600,251,34
35625,,,52440,108921,108,8,56470,12705,6517,115109,108921,8500,51,11
35914,,,77099,173919,109,8,96809,28650,24922,177647,173919,41150,191,11
36203,1.0,,223725,432788,110,8,209006,45369,10824,467333,432788,38000,145,57
36492,1.0,,87124,177299,111,8,90156,22405,4461,195243,177299,38750,129,19
36781,,,52775,103015,112,8,50228,17557,2531,118041,103015,9699,45,12
37070,,,49480,103948,113,8,54458,15594,2669,116873,103948,14800,27,10
37359,1.0,,109453,219085,114,8,109611,21611,18709,221987,219085,20900,102,21
37648,,,39543,79960,115,8,40406,9481,7217,82224,79960,15200,70,11
37937,,,45112,94453,116,8,49328,16057,11330,99180,94453,17700,54,13
38226,,,124711,254851,117,8,130114,48256,11863,291244,254851,15900,153,26
38515,,,25214,51185,629,8,25965,10094,1165,60114,51185,6000,31,6
38804,,,50305,128949,118,9,78633,23022,11523,140448,128949,12120,121,11
39093,,,38321,88366,119,9,50037,15858,18199,86025,88366,6580,42,8
39382,,,58616,151225,120,9,92590,35648,20018,166855,151225,12125,49,19
39671,,,25004,58484,121,9,33477,11327,5257,64554,58484,1800,9,3
39960,,,12684,32011,122,9,19325,8575,4665,35921,32011,480,4,2
40249,,,44215,97890,123,9,53665,18547,19732,96705,97890,8658,67,10
40538,,,22819,51179,124,9,28356,7290,6035,52434,51179,2270,22,4
40827,,,62858,140619,125,9,77751,14310,20871,134058,140619,10621,77,10
41116,,,27084,65827,126,9,38700,12800,6161,72466,65827,10800,55,43
41405,,,37163,84640,127,9,47468,12762,14250,83152,84640,1180,7,9
41694,,,17499,41170,128,9,23666,8470,3954,45686,41170,2170,17,5
41983,,,35168,80732,129,9,45561,19959,11902,88789,80732,2350,18,3
42272,,,53606,128145,130,9,74514,28555,8709,147991,128145,22610,103,25
42561,,,36341,89348,131,9,52995,15440,7036,97752,89348,3700,14,12
42850,,,39560,87802,132,9,48235,18234,9445,96591,87802,6100,30,7
43139,,,39411,87229,133,9,47810,14556,14778,87007,87229,3650,31,8
43428,,,39730,89585,134,9,49848,18645,8008,100222,89585,1550,13,7
43717,,,18941,44415,135,9,25470,9284,2846,50853,44415,2470,16,4
44006,,,8583,20785,136,9,12196,4435,3835,21385,20785,3500,35,6
44295,,,33898,79359,137,9,45453,15522,6421,88460,79359,200,2,8
44584,,,12320,31454,138,9,19133,8292,5687,34059,31454,100,1,1
44873,,,19341,48376,139,9,29028,11207,3788,55795,48376,3940,26,7
45162,,,22340,56721,140,9,34374,17450,8701,65470,56721,2760,15,7
45451,,,19664,47866,141,9,28191,7135,4576,50425,47866,21100,91,11
45740,,,34284,76296,142,9,42005,13851,13866,76281,76296,1780,15,7
46029,,,26932,60513,143,9,33572,8985,8571,60927,60513,7600,63,9
46318,,,59269,139376,144,9,80085,22002,9890,151488,139376,4550,28,22
46607,,,61039,142315,145,9,81259,23101,15625,149791,142315,3750,26,17
46896,,,35559,80049,146,9,44481,14758,10054,84753,80049,8245,15,9
47185,,,35485,83928,147,9,48434,16584,6910,93602,83928,3820,25,9
47474,,,56234,137850,148,9,81607,24632,18442,144040,137850,13270,80,9
47763,,,11362,26762,149,9,15400,7340,1252,32850,26762,360,3,0
48052,,,29807,66605,150,9,36791,16666,9260,74011,66605,3240,6,7
48341,,,16282,40823,151,9,24540,8597,5197,44223,40823,2500,13,1
48630,,,56427,127693,152,9,71249,18624,16259,130058,127693,1390,7,17
48919,,,21447,55836,153,9,34386,16261,11858,60239,55836,3600,23,3
49208,,,17810,40616,154,9,22803,8434,4248,44802,40616,4100,28,3
49497,,,12623,31721,155,9,19094,8208,2841,37088,31721,2540,14,4
49786,,,23001,54907,156,9,31896,9015,2919,61003,54907,900,5,10
50075,,,53684,135508,157,9,81814,22836,20482,137862,135508,6840,38,10
50364,,,12570,29361,158,9,16789,7828,4947,32242,29361,3080,20,2
50653,,,30395,73429,159,9,43028,16432,8534,81327,73429,4020,29,6
50942,,,30154,71489,160,9,41328,14033,6840,78682,71489,960,8,7
51231,,,13047,30894,161,9,17843,6332,4363,32863,30894,600,5,4
51520,,,101697,260663,162,9,158911,59743,39865,280541,260663,7600,61,55
51809,,,22312,50577,163,9,28263,7118,6093,51602,50577,3220,26,2
52098,,,33778,75558,164,9,41773,12294,9372,78480,75558,5600,28,7
52387,,,17232,37675,165,9,20438,4325,1806,40194,37675,0,0,5
52676,,,23520,52640,166,9,29115,9651,8139,54152,52640,920,9,5
52965,,,33057,81912,167,9,48841,13751,14885,80778,81912,2700,25,14
53254,,,21983,50385,168,9,28399,11920,8013,54292,50385,4400,30,3
53543,,,59200,138940,169,9,79722,25496,20439,143997,138940,3100,28,18
53832,,,35816,79767,170,9,43943,14760,14351,80176,79767,1950,9,8
54121,,,35033,81973,171,9,46928,23135,18264,86844,81973,5970,52,12
54410,,,36328,81113,172,9,44773,10942,8148,83907,81113,2600,16,12
54699,,,30952,68428,173,9,37472,10723,9113,70038,68428,1100,5,4
54988,,,34156,74152,174,9,39985,12697,4501,82348,74152,14800,76,11
55277,,,37226,81329,175,9,44096,12130,6204,87255,81329,5820,42,7
55566,,,25083,53826,176,9,28742,11660,7397,58089,53826,3920,27,1
55855,,,43222,98181,177,9,54948,17529,13540,102170,98181,2040,11,11
56144,,,18140,39745,178,9,21604,8981,6950,41776,39745,3290,18,1
56433,,,24298,52815,179,9,28511,5916,7648,51083,52815,4040,23,6
56722,,,38143,86811,180,9,48650,16511,10118,93204,86811,5540,30,18
57011,,,13327,31331,181,9,18004,5782,6307,30806,31331,120,1,0
57300,,,35369,78125,182,9,42747,13958,9916,82167,78125,4300,36,9
57589,,,47134,110969,183,9,63816,19111,11243,118837,110969,2500,25,19
57878,,,14410,37178,184,9,22767,9111,7105,39184,37178,5540,38,1
58167,,,38902,85332,185,9,46426,14312,6656,92988,85332,1400,11,4
58456,,,44409,97020,186,9,52600,15175,10998,101197,97020,2100,21,11
58745,,,50138,137729,187,9,87578,27339,20783,144285,137729,7340,51,13
59034,,,13565,30678,633,9,17109,7121,5287,32512,30678,2700,18,4
59323,,,33067,70053,640,9,36976,10236,13942,66347,70053,1560,10,10
59612,,,15270,34549,659,9,19276,7036,5550,36035,34549,4200,25,3
59901,,,13636,32768,660,9,19130,5573,3160,35181,32768,800,8,2
60190,,,13700,33120,661,9,19417,8095,4709,36506,33120,2840,17,3
60479,1.0,,28448,56343,188,10,27893,7186,0,63529,56343,10400,42,2
60768,1.0,,21384,44052,189,10,22662,10065,0,54117,44052,23600,69,6
61057,1.0,,43415,80192,190,10,36770,6282,0,86474,80192,9100,91,7
61346,1.0,,50040,94510,191,10,44468,12074,0,106584,94510,7200,39,2
61635,,,59926,117831,192,10,57896,16363,4877,129317,117831,7000,21,9
61924,1.0,,35047,72524,193,10,37477,9758,0,82282,72524,8100,19,0
62213,1.0,,27638,57877,194,10,30238,7176,0,65053,57877,4100,21,1
62502,1.0,,61624,121078,195,10,59445,16705,0,137783,121078,7800,46,9
62791,,,59289,118715,196,10,59417,24585,21689,121611,118715,11500,114,9
63080,1.0,,31654,66787,197,10,35132,8499,0,75286,66787,16600,42,1
63369,1.0,,27692,55790,198,10,28095,7267,0,63057,55790,7000,25,3
63658,1.0,,15551,30880,199,10,15326,5490,0,36370,30880,6400,19,3
63947,1.0,,23320,44794,200,10,21472,5869,0,50663,44794,3300,8,2
64236,1.0,,32154,60512,201,10,28355,12415,0,72927,60512,14600,64,3
64525,1.0,,22498,43047,202,10,20548,7106,0,50153,43047,4400,22,1
64814,1.0,,20024,40908,203,10,20884,8506,0,49414,40908,8600,54,0
65103,1.0,,11362,21865,204,10,10501,4203,0,26068,21865,4800,8,2
65392,1.0,,29076,58092,205,10,29006,9177,0,67269,58092,7700,31,10
65681,1.0,,61895,117579,206,10,55674,14743,0,132322,117579,8900,22,10
65970,1.0,,22274,46030,207,10,23751,8160,1,54189,46030,3800,17,5
66259,,,47359,97134,208,10,49773,17610,4902,109842,97134,13500,92,2
66548,1.0,,57790,110952,209,10,53154,16286,0,127238,110952,16100,83,8
66837,1.0,,37236,67800,210,10,30561,7383,0,75183,67800,27800,56,3
67126,1.0,,40901,84688,211,10,43690,15528,0,100216,84688,15000,60,97
67415,,,102795,247834,212,10,145028,49191,127366,169659,247834,25300,174,11
67704,1.0,,28012,60665,213,10,32651,11767,0,72432,60665,7300,59,2
67993,1.0,,45994,86574,214,10,40567,11251,0,97825,86574,5600,27,13
68282,1.0,,39449,81359,215,10,41908,12139,0,93498,81359,5500,34,2
68571,1.0,,27034,51554,216,10,24505,6412,0,57966,51554,4100,19,15
68860,1.0,,65779,123983,217,10,58197,18257,0,142240,123983,5400,27,7
69149,1.0,,59635,115985,218,10,56346,16843,0,132828,115985,11400,33,4
69438,1.0,,13380,24832,219,10,11451,3639,0,28471,24832,3800,32,1
69727,1.0,,13603,27382,220,10,13777,2493,0,29875,27382,3950,16,2
70016,1.0,,43214,83161,221,10,39946,10752,0,93913,83161,4800,25,1
70305,1.0,,71902,135492,222,10,63574,12365,0,147857,135492,11000,44,16
70594,1.0,,24760,49430,223,10,24664,8641,0,58071,49430,800,8,6
70883,,,46792,88957,224,10,42161,12741,5268,96430,88957,16000,102,4
71172,1.0,,10628,20942,611,10,10314,3782,0,24724,20942,4600,18,0
71461,1.0,1.0,14261,31048,225,11,16784,6909,0,37957,31048,500,2,3
71750,1.0,1.0,2233,5099,226,11,2865,1384,0,6483,5099,0,0,1
72039,,,7898,17153,227,11,9253,1825,0,18978,17153,0,0,2
72328,1.0,,5868,13230,228,11,7361,2544,0,15774,13230,300,1,1
72617,,1.0,1640,4508,229,12,2868,1322,0,5830,4508,300,2,0
72906,,,491,1193,230,12,702,333,0,1526,1193,200,1,0
73195,,,543,1385,231,12,842,568,0,1953,1385,200,2,0
73484,,,3757,7279,232,12,3522,1552,0,8831,7279,300,2,0
73773,,,1311,2410,233,12,1038,397,0,2807,2410,200,2,61
74062,1.0,1.0,568,2540,234,12,1971,673,0,3213,2540,0,0,1
74351,1.0,,1181,2699,235,12,1517,708,0,3407,2699,1500,7,1
74640,1.0,,1851,3541,236,12,1690,1148,0,4689,3541,500,5,0
74929,1.0,,3372,10957,237,12,7585,3584,0,14541,10957,1100,9,0
75218,1.0,,1589,4227,238,12,2637,1188,0,5415,4227,0,0,1
75507,1.0,1.0,886,3058,239,12,2172,1280,0,4338,3058,100,1,0
75796,,,1303,2601,240,12,1298,654,0,3255,2601,0,0,0
76085,,,835,1691,241,12,856,202,0,1893,1691,200,2,0
76374,1.0,,2895,8160,242,12,5265,2136,0,10296,8160,550,4,0
76663,1.0,,2494,5422,243,12,2928,1492,0,6914,5422,300,2,0
76952,,,721,1531,628,12,810,553,0,2084,1531,100,1,0
77241,1.0,,562,2074,666,12,1512,619,0,2693,2074,800,5,0
77530,,,358,768,677,12,410,288,0,1056,768,0,0,0
77819,1.0,,2385,5079,678,12,2694,1446,0,6525,5079,0,0,0
78108,,,1216,2349,679,12,1133,286,0,2635,2349,100,1,0
78397,,,262,460,718,12,198,246,0,706,460,0,0,0
78686,,,401,1011,719,12,610,493,0,1504,1011,100,1,0
78975,,,701,1422,723,12,721,325,0,1747,1422,1200,4,0
79264,1.0,1.0,874,2114,724,12,1240,988,0,3102,2114,300,2,0
79553,,,706,1304,725,12,598,344,0,1648,1304,0,0,0
79842,1.0,1.0,3729,15234,244,13,11505,6177,0,21411,15234,400,4,0
80131,1.0,,3087,10255,245,13,7168,4203,0,14458,10255,200,2,0
80420,1.0,1.0,2121,5191,246,13,3069,2182,0,7373,5191,300,3,1
80709,1.0,,1016,4033,247,13,3017,1958,0,5991,4033,100,1,0
80998,1.0,1.0,1834,5339,248,13,3505,1651,0,6990,5339,900,4,0
81287,1.0,1.0,922,4182,249,13,3260,1650,0,5832,4182,400,3,0
81576,1.0,,2053,4564,250,13,2508,1062,0,5626,4564,400,2,3
81865,1.0,1.0,1251,3846,251,13,2595,1230,0,5076,3846,300,3,0
82154,,1.0,728,2694,613,13,1966,987,0,3681,2694,300,3,0
82443,,1.0,510,2495,614,13,1985,791,0,3286,2495,400,2,0
82732,,,880,2194,615,13,1314,655,0,2849,2194,0,0,0
83021,,,1899,4960,252,14,3061,1678,0,6638,4960,100,1,0
83310,1.0,1.0,987,4734,253,14,3747,1834,0,6568,4734,400,4,0
83599,1.0,,2256,8665,254,14,6408,3496,0,12161,8665,600,6,1
83888,1.0,,5309,14632,255,14,9322,6407,0,21039,14632,1600,9,1
84177,1.0,,7182,18613,256,14,11431,8039,0,26652,18613,350,2,0
84466,,1.0,767,3029,257,14,2262,1375,0,4404,3029,100,1,0
84755,,1.0,649,2322,258,14,1673,586,0,2908,2322,100,1,0
85044,1.0,,2329,7355,259,14,5026,4367,0,11722,7355,0,0,0
85333,,,882,3238,260,14,2356,766,0,4004,3238,0,0,0
85622,,,725,3124,711,14,2399,1626,0,4750,3124,200,2,0
85911,1.0,,1488,2778,712,14,1290,895,0,3673,2778,0,0,0
86200,,,412,2244,713,14,1832,929,0,3173,2244,300,3,0
86489,,,572,2486,714,14,1914,659,0,3145,2486,300,3,0
86778,,1.0,566,969,715,14,403,347,0,1316,969,100,1,0
87067,,,648,3366,716,14,2718,1203,0,4569,3366,600,6,0
87356,,1.0,422,1021,717,14,599,240,0,1261,1021,0,0,0
87645,1.0,1.0,9131,21830,261,15,12699,7069,0,28899,21830,800,8,0
87934,,,2474,5217,262,15,2743,1213,0,6430,5217,0,0,0
88223,,1.0,1605,4010,263,15,2405,619,0,4629,4010,0,0,0
88512,,,1525,3635,264,15,2110,763,0,4398,3635,500,3,0
88801,1.0,1.0,3443,9121,265,15,5678,1790,0,10911,9121,1000,7,0
89090,,1.0,1817,4705,266,15,2888,839,0,5544,4705,0,0,0
89379,,1.0,1413,2968,267,15,1555,693,0,3661,2968,0,0,0
89668,1.0,,1540,5003,268,15,3461,1629,0,6632,5003,100,1,2
89957,1.0,,26102,57929,269,16,31819,9560,0,67489,57929,2600,7,8
90246,1.0,1.0,36809,76343,270,16,39524,7203,0,83546,76343,3600,18,10
90535,1.0,,44624,92119,271,16,47483,9930,0,102049,92119,1000,8,12
90824,1.0,,96616,200502,272,16,103866,26041,0,226543,200502,29000,144,20
91113,1.0,1.0,17149,35452,652,16,18301,6368,0,41820,35452,1900,10,2
91402,1.0,,39688,84214,653,16,44511,9284,0,93498,84214,0,0,15
91691,1.0,,29447,61390,654,16,31939,7345,0,68735,61390,1100,4,4
91980,,,18201,37399,655,16,19193,4092,0,41491,37399,400,2,5
92269,,1.0,2507,4895,273,17,2388,1660,0,6555,4895,100,1,0
92558,1.0,,9040,26892,274,17,17852,12189,0,39081,26892,600,6,0
92847,1.0,,3141,5712,275,17,2571,2492,0,8204,5712,0,0,0
93136,1.0,,2183,4477,276,17,2293,1887,0,6364,4477,1300,13,1
93425,,,1833,3955,277,17,2122,1750,0,5705,3955,700,7,0
93714,1.0,,9531,20417,278,17,10881,6275,0,26692,20417,900,8,5
94003,1.0,,3308,5421,279,17,2112,1774,0,7195,5421,100,1,1
94292,,,2509,4093,656,17,1584,1361,0,5454,4093,0,0,0
94581,,1.0,1536,3122,657,17,1585,1113,0,4235,3122,100,1,1
94870,,1.0,724,1550,658,17,826,790,0,2340,1550,500,5,0
95159,,,2513,4994,663,17,2481,1632,0,6626,4994,0,0,0
95448,,,23697,53476,280,18,29774,5985,54082,5379,53476,13400,81,5
95737,,,15927,34034,281,18,18105,5760,1934,37860,34034,9100,56,2
96026,,,18040,40930,282,18,22888,8191,10758,38363,40930,800,6,2
96315,,,13017,31496,283,18,18478,4565,1826,34235,31496,1900,9,1
96604,,,12100,25242,284,18,13140,4162,1860,27544,25242,6000,30,2
96893,,,19955,47582,285,18,27622,6438,1436,52584,47582,1400,7,5
97182,,,24198,54549,286,18,30346,12451,3470,63530,54549,2800,14,5
97471,,,14802,30377,287,18,15545,5208,1113,34472,30377,1800,15,30
97760,,,14488,34487,288,18,19998,5972,2922,37537,34487,3150,21,1
98049,,,8128,19609,289,18,11481,3389,2298,20700,19609,4200,34,0
98338,,,18973,44553,290,18,25576,6825,2130,49248,44553,4850,38,4
98627,1.0,,31018,67531,291,18,36504,8254,1733,74052,67531,9000,44,9
98916,1.0,,7921,20218,292,18,12294,3212,1845,21585,20218,5420,41,3
99205,,,13062,31548,293,18,18482,3745,967,34326,31548,9200,23,4
99494,,,7710,22084,294,18,14371,5987,3443,24628,22084,5180,45,3
99783,,,14838,32182,295,18,17343,6507,1288,37401,32182,3500,7,1
100072,,,16729,32183,296,18,15453,3641,451,35373,32183,10900,54,1
100361,,,30032,58836,297,18,28799,10754,2977,66613,58836,1400,14,5
100650,,,7782,19020,298,18,11236,4769,1381,22408,19020,1100,3,2
100939,,,2848,9400,299,18,6551,1895,2074,9221,9400,2800,22,1
101228,,,11506,26899,300,18,15390,5108,2196,29811,26899,600,2,3
101517,,,15277,38962,301,18,23680,8706,37404,10264,38962,5000,41,5
101806,,,16663,37916,302,18,21250,5811,630,43097,37916,450,3,3
102095,,,3718,13080,612,18,9361,3821,1082,15819,13080,3500,22,1
102384,,,9807,21234,616,18,11427,3355,907,23682,21234,2500,25,0
102673,1.0,,7599,17877,617,18,10276,3920,1045,20752,17877,2000,10,2
102962,,,37678,94080,618,18,56390,18357,8052,104385,94080,6050,55,12
103251,,,8506,19331,705,18,10823,2955,1536,20750,19331,2000,20,2
103540,,,4467,10111,706,18,5643,1560,479,11192,10111,800,8,1
103829,,,1844,4898,707,18,3054,535,872,4561,4898,400,4,0
104118,,,4841,11678,708,18,6835,2143,485,13336,11678,1350,12,2
104407,,,16137,33551,709,18,17411,2357,4938,30970,33551,9050,81,3
104696,,,3478,8657,710,18,5177,1338,1205,8790,8657,2900,29,2
104985,,,255600,576143,303,19,320485,57821,66100,567864,576143,59000,337,58
105274,,,249450,510284,304,19,260762,47570,22381,535473,510284,39850,212,72
105563,,,81231,192565,305,19,111319,32981,27939,197607,192565,10400,68,15
105852,,,130049,283425,306,19,153360,33735,24502,292658,283425,15300,82,16
106141,,,101131,218576,307,19,117420,22027,26878,213725,218576,17050,134,25
106430,,,62718,145355,308,19,82626,17251,21307,141299,145355,15900,86,11
106719,,,71248,147452,309,19,76185,22266,24733,144985,147452,13850,78,19
107008,1.0,,54384,113201,310,19,58801,14424,15794,111831,113201,7150,43,16
107297,1.0,,52042,117216,311,19,65163,15346,17893,114669,117216,600,6,11
107586,,,196597,415090,312,19,218467,39924,33257,421757,415090,12600,110,26
107875,,,133064,283147,313,19,150056,33413,12626,303934,283147,17900,115,27
108164,,,29476,74667,314,19,45186,15845,12614,77898,74667,7500,75,5
108453,,,221451,534126,315,19,312549,101957,35947,600136,534126,47150,148,126
108742,,,80790,174220,316,19,93382,19093,30368,162945,174220,34000,172,48
109031,,,169658,377387,317,19,207696,42582,27654,392315,377387,22000,97,33
109320,,,95218,233152,318,19,137920,40492,25037,248607,233152,11800,40,14
109609,,,164077,337058,319,19,172955,42232,37848,341442,337058,22600,116,26
109898,,,113453,253391,320,19,139919,30037,18872,264556,253391,27300,58,19
110187,,,49464,124831,321,19,75355,30145,24903,130073,124831,24800,86,12
110476,,,45092,97474,664,19,52370,17651,22505,92620,97474,16800,86,12
110765,,,16061,32317,702,19,16251,4145,5195,31267,32317,4400,14,5
111054,,,12225,40492,703,19,28266,16672,9680,47484,40492,5700,19,1
111343,,,56719,145921,704,19,89182,23059,11975,157005,145921,20300,127,20
111632,,,37475,82764,322,20,45285,17356,1378,98742,82764,6300,63,4
111921,1.0,,23553,47070,323,20,23517,6586,0,53656,47070,9400,61,0
112210,,,23794,50611,324,20,26813,9797,4592,55816,50611,7200,62,4
112499,,,54646,116935,325,20,62283,21112,17457,120590,116935,3600,35,6
112788,,,50103,92443,326,20,42338,9969,17569,84843,92443,16100,82,2
113077,,,57045,124732,327,20,67677,21720,17957,128495,124732,9100,91,10
113366,,,26689,55969,328,20,29275,11362,635,66696,55969,11800,84,5
113655,1.0,,53648,102365,329,20,48704,13430,7652,108143,102365,7000,70,13
113944,1.0,,27256,50903,330,20,23642,8335,1471,57767,50903,4000,40,5
114233,,,26966,47910,331,20,20938,7014,6280,48644,47910,15100,140,6
114522,,,45300,91751,332,20,46440,13041,18438,86354,91751,11800,96,11
114811,,,22207,42133,333,20,19923,5751,2072,45812,42133,9100,89,3
115100,1.0,,15553,29107,334,20,13552,4845,1451,32501,29107,4200,40,2
115389,1.0,,14989,32133,335,20,17141,7024,1557,37600,32133,5900,57,3
115678,,,16001,30316,336,20,14314,3998,10205,24109,30316,1300,13,1
115967,,,27499,48583,337,20,21080,5320,6051,47852,48583,4800,48,4
116256,,,48124,100351,338,20,52218,12725,29495,83581,100351,20800,191,9
116545,,,68367,156573,339,20,88192,30701,23925,163349,156573,7200,64,14
116834,,,19370,36838,340,20,17465,6214,1368,41684,36838,4700,32,3
117123,1.0,,25862,50159,341,20,24296,8149,2231,56077,50159,7700,57,1
117412,,,18172,31598,342,20,13422,5996,390,37204,31598,9100,91,4
117701,1.0,,40004,75331,343,20,35316,15980,4055,87256,75331,8270,75,11
117990,,,21793,41980,606,20,20186,7116,13908,35188,41980,4400,44,1
118279,,,18752,39804,607,20,21050,7603,1130,46277,39804,4600,34,2
118568,1.0,,18656,44646,344,21,25987,9964,0,54610,44646,8800,13,3
118857,1.0,,28357,60592,345,21,32233,13174,0,73766,60592,5300,53,2
119146,1.0,,84598,181198,346,21,96577,18564,0,199762,181198,11150,81,23
119435,1.0,,38403,79708,347,21,41296,12932,0,92640,79708,8300,48,9
119724,1.0,,38428,83745,348,21,45308,6968,0,90713,83745,9500,53,9
120013,1.0,,12517,28086,349,21,15568,3122,0,31208,28086,1000,10,1
120302,1.0,,66839,155894,350,21,89017,31098,0,186992,155894,8020,48,38
120591,1.0,,9181,20873,351,21,11691,3598,0,24471,20873,1975,12,1
120880,1.0,,26730,58631,352,21,31895,7689,0,66320,58631,9400,48,6
121169,1.0,,19500,34965,353,21,15459,7633,0,42598,34965,6450,16,6
121458,1.0,,144089,287412,354,21,143281,32119,0,319531,287412,60100,131,42
121747,1.0,,33912,74068,355,21,40148,10155,0,84223,74068,1520,12,8
122036,1.0,,47987,105092,356,21,57088,10139,0,115231,105092,6100,15,17
122325,1.0,,18858,40941,357,21,22082,8161,0,49102,40941,2600,26,1
122614,1.0,,45497,93856,358,21,48353,11886,0,105742,93856,11300,41,6
122903,1.0,,25883,48874,359,21,22988,9599,0,58473,48874,1700,17,3
123192,,,43742,93838,360,21,50089,10919,0,104757,93838,5800,58,7
123481,1.0,,55162,113569,361,21,58398,15114,0,128683,113569,7840,75,9
123770,,,85108,201322,362,21,116196,43470,184917,59875,201322,14345,89,18
124059,1.0,,68696,126854,363,21,58137,21406,1,148259,126854,12750,64,21
124348,1.0,,17099,35089,364,21,17982,7866,0,42955,35089,4600,14,8
124637,1.0,,58766,116333,365,21,57559,20495,0,136828,116333,8700,76,8
124926,1.0,,59577,109694,366,21,50111,19918,0,129612,109694,15350,98,6
125215,1.0,,27368,59616,367,21,32243,7125,0,66741,59616,2894,14,5
125504,1.0,,17418,34496,368,21,17074,5165,0,39661,34496,4400,23,4
125793,1.0,,52861,113180,369,21,60307,13480,0,126660,113180,7150,58,12
126082,1.0,,38504,72450,370,21,33931,10441,0,82891,72450,2140,14,15
126371,1.0,,39407,85660,371,21,46244,14727,0,100387,85660,4950,49,9
126660,1.0,,49480,102901,373,21,53414,18844,0,121745,102901,4900,45,7
126949,,,42369,81894,374,22,39519,14207,285,95816,81894,10100,101,6
127238,,,100832,191153,375,22,90292,23457,1939,212671,191153,48320,301,29
127527,,,17623,37793,376,22,20162,8953,455,46291,37793,3275,26,8
127816,,,54800,101439,377,22,46632,8734,213,109960,101439,12300,121,7
128105,,,102979,208441,378,22,105449,27106,1231,234316,208441,29700,229,13
128394,,,65133,121115,379,22,55975,14224,152,135187,121115,17000,170,7
128683,,,41193,71910,380,22,30707,12139,306,83743,71910,24700,174,10
128972,,,47985,96429,381,22,48434,16044,743,111730,96429,6340,51,10
129261,,,30774,59048,382,22,28268,8828,622,67254,59048,3400,34,6
129550,,,72253,130907,383,22,58639,12251,1076,142082,130907,8200,81,15
129839,,,28858,56402,384,22,27543,7373,384,63391,56402,4500,27,1
130128,,,85935,160119,385,22,74167,13121,800,172440,160119,24450,165,17
130417,,,100916,191970,386,22,91040,21548,1421,212097,191970,34050,232,14
130706,,,96950,211250,387,22,114289,36519,5188,242581,211250,31400,276,11
130995,,,77514,145171,388,22,67646,20032,5734,159469,145171,20975,190,11
131284,,,57252,106272,389,22,49006,11564,1186,116650,106272,21500,168,14
131573,1.0,,13280,34520,636,22,21234,9478,0,43998,34520,4200,42,6
131862,1.0,,3696,10829,637,22,7132,3744,0,14573,10829,1400,10,1
132151,1.0,,17431,45845,642,22,28411,12509,40,58314,45845,2200,21,3
132440,,,28676,51053,643,22,22370,7897,357,58593,51053,7040,64,7
132729,,,56765,105824,644,22,49058,11404,0,117228,105824,14250,137,1
133018,,,24599,44678,645,22,20078,7141,398,51421,44678,8350,66,1
133307,,,50724,94192,646,22,43459,11973,18,106147,94192,20700,90,9
133596,,,34975,65433,647,22,30456,4246,504,69175,65433,2200,15,2
133885,,,42240,78480,648,22,36231,7878,1759,84599,78480,21000,104,9
134174,,,29080,56747,649,22,27663,7331,246,63832,56747,23390,121,4
134463,,,24963,48807,650,22,23840,7533,937,55403,48807,8900,74,4
134752,1.0,,12135,23664,390,23,11524,3624,1267,26021,23664,0,0,5
135041,,,13402,30531,391,23,17124,5316,3002,32845,30531,0,0,5
135330,,,45993,94202,392,23,48197,13826,6973,101055,94202,2700,9,12
135619,,,18488,36560,393,23,18070,8055,3708,40907,36560,1200,4,2
135908,,,35015,73520,394,23,38499,10373,2771,81122,73520,850,3,6
136197,,,26278,62466,395,23,36171,9441,5532,66375,62466,2550,9,17
136486,,,111204,255370,396,23,144144,42718,35049,263039,255370,31700,180,22
136775,,,15346,31928,397,23,16577,4918,6091,30755,31928,0,0,5
137064,,,30913,69029,398,23,38109,9948,9346,69631,69029,1370,6,7
137353,,,46541,98794,399,23,52243,13782,6582,105994,98794,350,2,10
137642,,,21197,44838,400,23,23639,7456,3127,49167,44838,1900,8,2
137931,,,21173,45027,401,23,23848,4711,6992,42746,45027,2300,15,6
138220,,,33673,72635,402,23,38954,10687,5237,78085,72635,0,0,8
138509,,,41427,84270,403,23,42829,14019,6686,91603,84270,1100,5,14
138798,,,19941,34885,404,23,14937,7597,1400,41082,34885,1700,12,7
139087,,,24258,49653,405,23,25389,7877,3600,53930,49653,4400,12,6
139376,,,26310,58448,406,23,32134,6933,5411,59970,58448,3380,16,4
139665,,,53517,135048,407,23,81513,20451,33088,122411,135048,8191,31,18
139954,,,9158,20703,408,23,11544,3314,1965,22052,20703,1400,5,1
140243,,,26803,59003,409,23,32188,9804,4835,63972,59003,2150,9,12
140532,,,165066,362974,410,23,197849,46440,51292,358122,362974,26750,84,59
140821,,,83702,183934,411,23,100200,23985,50415,157504,183934,2210,12,32
141110,,,17730,32230,412,23,14497,8570,2755,38045,32230,2100,7,3
141399,,,26213,54613,413,23,28394,7360,2780,59193,54613,500,2,6
141688,,,29698,61680,414,23,31975,9850,3636,67894,61680,3750,14,7
141977,,,24254,47185,415,23,22928,9163,3647,52701,47185,3200,10,3
142266,,,22721,50307,416,23,27580,7289,3890,53706,50307,400,2,6
142555,,,31030,68287,417,23,37247,11317,8989,70615,68287,7450,28,10
142844,,,22894,51800,418,23,28900,8735,2970,57565,51800,2300,7,6
143133,1.0,,17344,40436,419,23,23088,9148,5894,43690,40436,2840,11,4
143422,,,14121,30473,420,23,16350,5836,1749,34560,30473,2100,6,2
143711,,,18418,42547,421,23,24125,7026,8475,41098,42547,2700,13,4
144000,,,29354,60933,422,23,31572,9150,2895,67188,60933,4360,15,7
144289,,,26737,58004,423,23,31263,9408,6206,61206,58004,5100,16,4
144578,,,73054,162305,424,23,89233,16285,6370,172220,162305,6240,23,18
144867,,,65223,144888,425,23,79660,13763,6906,151745,144888,9725,49,5
145156,,,45160,99411,426,23,54245,12733,3734,108410,99411,4250,19,6
145445,,,39233,82866,427,23,43628,10428,4885,88409,82866,3800,17,5
145734,,,38310,74867,428,23,36548,9852,2733,81986,74867,4200,9,9
146023,,,21459,44894,429,23,23432,6775,2119,49550,44894,3350,12,3
146312,,,18607,41591,430,23,22980,6622,3092,45121,41591,2750,8,4
146601,1.0,,12898,25749,431,23,12848,4255,2474,27530,25749,1250,5,3
146890,,,25052,55993,432,23,30934,10991,5845,61139,55993,4550,13,7
147179,,,20396,41224,433,23,20826,6652,1053,46823,41224,600,2,2
147468,,,23085,50583,434,23,27493,6587,12766,44404,50583,2075,10,5
147757,,,58122,125818,435,23,67683,16777,6166,136429,125818,8050,32,13
148046,,,9925,20729,436,23,10799,3029,1058,22700,20729,1300,7,5
148335,,,38288,81300,437,23,43008,10295,3613,87982,81300,3400,10,4
148624,,,21929,49047,638,23,27110,6182,2492,52737,49047,1750,7,8
148913,1.0,,14659,26851,639,23,12191,6156,0,33007,26851,700,2,1
149202,1.0,,10267,21852,667,23,11584,3090,0,24942,21852,0,0,1
149491,,,356869,779197,438,24,422263,106316,25280,860233,779197,43050,337,65
149780,,,88920,177691,439,24,88754,18152,49048,146795,177691,23450,82,17
150069,,,122792,243585,440,24,120768,23711,10170,257126,243585,24100,236,25
150358,,,151365,323250,441,24,171830,39646,41275,321621,323250,28460,161,55
150647,,,68787,145844,442,24,77048,21650,10771,156723,145844,34000,269,9
150936,,,112949,247491,443,24,134517,28341,17279,258553,247491,123150,410,25
151225,,,11377,23074,444,24,11696,4514,544,27044,23074,10500,63,1
151514,1.0,,102752,202950,445,24,100172,33905,8914,227941,202950,11600,112,26
151803,1.0,,79321,173563,446,24,94223,28175,17411,184327,173563,4550,37,19
152092,,,78178,163879,447,24,85686,20869,7569,177179,163879,27700,137,15
152381,,,76498,157972,448,24,81460,20157,6841,171288,157972,35750,135,14
152670,,,88915,189178,449,24,100251,32829,15689,206318,189178,40800,371,12
152959,,,100324,210026,450,24,109687,26231,62560,173697,210026,26500,238,15
153248,,,118454,233977,451,24,115510,28121,34988,227110,233977,28475,241,13
153537,,,32551,66995,452,24,34434,9804,5870,70929,66995,18700,125,10
153826,1.0,,88895,168894,453,24,79992,19971,48563,140302,168894,20000,199,7
154115,,,82640,166060,454,24,83393,24679,30198,160541,166060,12200,90,27
154404,,,57947,118964,455,24,61010,15884,28120,106728,118964,19051,185,7
154693,,,47321,97570,456,24,50242,10989,23374,85185,97570,11780,101,7
154982,,,167899,355484,457,24,187563,38283,7432,386335,355484,31390,272,22
155271,,,81132,170464,458,24,89298,32367,10716,192115,170464,24900,190,34
155560,,,257449,612448,459,24,354949,60149,35640,636957,612448,44000,319,50
155849,,,56610,118096,460,24,61464,14409,28189,104316,118096,8200,82,22
156138,,,198182,409399,461,24,211182,54809,14108,450100,409399,23300,170,35
156427,,,82482,168617,462,24,86122,25834,46775,147676,168617,19478,140,13
156716,,,42748,85277,641,24,42525,9583,6520,88340,85277,10800,62,4
157005,,,47938,100406,668,24,52448,10909,30055,81260,100406,6150,56,20
157294,1.0,,70720,146398,669,24,75652,17652,9799,154251,146398,13185,126,26
157583,,,76910,154131,672,24,77201,16264,51667,118728,154131,47399,239,20
157872,,,39242,82086,673,24,42836,7742,13617,76211,82086,14050,78,8
158161,,,34777,73733,674,24,38945,9509,20560,62682,73733,3300,31,11
158450,,,33105,70978,675,24,37866,13437,13198,71217,70978,15500,74,7
158739,,,21093,44161,676,24,23063,6489,10871,39779,44161,5250,36,5
159028,,,5256,12436,463,25,7180,1482,0,13918,12436,1650,10,0
159317,,,3469,6037,464,25,2568,916,0,6953,6037,300,3,0
159606,,,7597,19022,465,26,11425,4324,0,23346,19022,4900,49,0
159895,,,91939,204341,466,27,112390,25654,36736,193259,204341,12700,94,12
160184,,,36636,83504,467,27,46865,9708,17272,75940,83504,9600,92,3
160473,,,63317,138644,468,27,75312,15581,22816,131409,138644,17301,115,15
160762,,,74687,178845,469,27,104042,18094,16107,180832,178845,16661,91,116
161051,,,43557,103964,470,27,60396,12964,17183,99745,103964,4200,31,11
161340,,,71009,133896,471,27,62880,11323,67419,77800,133896,3600,36,7
161629,,,55611,123652,472,27,68023,10215,27182,106685,123652,14000,137,18
161918,,,52640,109582,473,27,56934,15949,495,125036,109582,8880,87,8
162207,,,36084,80770,474,27,44671,7667,19757,68680,80770,3850,34,15
162496,,,14164,34124,475,27,19959,8451,4885,37690,34124,1600,16,1
162785,,,46581,94317,476,27,47723,10821,28221,76917,94317,10300,103,13
163074,,,16029,36860,477,27,20830,4708,7816,33752,36860,1950,15,1
163363,,,68886,158238,478,27,89343,17249,15534,159953,158238,13800,124,9
163652,,,27027,64395,479,27,37364,10286,10309,64372,64395,2700,27,4
163941,,,200924,393008,480,27,192022,27311,33186,387133,393008,27700,155,62
164230,,,46830,106293,481,27,59454,12148,17403,101038,106293,10700,91,9
164519,,,542993,1190473,482,27,647342,162336,91778,1261031,1190473,30300,219,138
164808,,,217694,464942,484,27,247147,37027,32874,469095,464942,40300,248,101
165097,,,57185,129880,485,27,72678,11077,31362,109595,129880,40800,407,17
165386,,,23490,51327,486,27,27833,11962,8244,55045,51327,1700,10,4
165675,,,130646,297000,487,27,166327,35762,39896,292866,297000,13550,113,27
165964,,,22895,53655,488,27,30757,7454,14230,46879,53655,1800,11,3
166253,,,28795,67212,489,27,38409,5787,15760,57239,67212,2500,16,8
166542,,,447082,952016,490,27,504852,86245,97048,941213,952016,48240,346,82
166831,,,45195,102836,491,27,57633,12670,14676,100830,102836,4200,42,8
167120,,,35233,70120,492,27,34882,12433,18216,64337,70120,7050,55,5
167409,,,90986,189655,493,27,98653,18731,23460,184926,189655,68200,218,16
167698,,,84082,177554,494,27,93464,31339,23812,185081,177554,24300,120,8
167987,,,24882,47910,495,27,23021,7492,12820,42582,47910,5700,51,7
168276,1.0,,68779,156827,496,27,88034,25882,1162,181547,156827,16600,166,14
168565,,,228814,495994,497,27,267132,71690,61235,506449,495994,26540,161,48
168854,,,41491,84550,498,27,43057,13719,10425,87844,84550,8900,48,2
169143,,,30314,67154,499,27,36835,5770,23646,49278,67154,8400,84,5
169432,,,45820,102749,500,27,56920,12718,9551,105916,102749,12500,122,9
169721,,,45759,95110,665,27,49346,17506,4347,108269,95110,4200,30,5
170010,,,102647,209220,502,28,106534,26798,49489,186529,209220,3600,23,39
170299,,,134656,268628,503,28,133953,36211,55347,249492,268628,19830,133,19
170588,,,91918,190225,504,28,98280,23167,41195,172197,190225,450,3,27
170877,,,116338,254066,505,28,137705,42454,46547,249973,254066,5200,34,23
171166,,,96400,213445,506,28,117027,40125,65733,187837,213445,31500,210,18
171455,,,106842,221046,510,28,114185,37264,47302,211008,221046,2050,13,19
171744,,,90818,186168,511,28,95335,26958,39008,174118,186168,1400,10,15
172033,,,98468,194257,515,28,95753,47156,14492,226921,194257,15401,87,36
172322,,,81985,174524,517,28,92524,25641,32103,168062,174524,8800,70,15
172611,,,73417,146798,519,28,73373,28552,29598,145752,146798,15900,105,8
172900,,,123903,257986,520,28,134065,39965,51310,246641,257986,18600,125,18
173189,,,56647,112443,521,28,55791,18767,32869,98341,112443,10800,72,5
173478,,,95279,192901,523,28,97604,32803,41396,184308,192901,5550,37,18
173767,,,77214,139698,524,29,62468,8767,35506,112959,139698,30400,242,16
174056,,,433263,869098,525,29,435764,112285,51001,930382,869098,59610,416,71
174345,,,29591,61904,526,29,32307,8462,6671,63695,61904,7700,72,6
174634,,,124443,231990,527,29,107522,33441,12553,252878,231990,26100,227,25
174923,,,96686,183963,528,29,87258,15729,24889,174803,183963,18550,160,19
175212,,,48605,96197,529,29,47579,8112,9972,94337,96197,8400,79,13
175501,,,70329,133883,530,29,63532,11047,26007,118923,133883,24600,225,22
175790,,,43246,75781,531,29,32503,5083,15421,65443,75781,8500,80,32
176079,,,41442,78976,532,29,37532,8859,10787,77048,78976,4200,35,2
176368,,,56589,107182,533,29,50569,11183,12985,105380,107182,19500,112,24
176657,,,76930,134559,534,29,57620,31771,20043,146287,134559,2100,18,9
176946,,,45966,91066,535,29,45084,10273,9565,91774,91066,33000,310,16
177235,,,62579,119248,536,29,56652,15135,8875,125508,119248,12200,90,17
177524,,,44599,83052,537,29,38445,8075,13101,78026,83052,12700,127,8
177813,,,52347,104452,538,29,52089,12427,9479,107400,104452,37400,350,16
178102,,,61043,112153,539,29,51094,12707,23916,100944,112153,18700,174,16
178391,,,37250,70574,540,29,33317,6359,8586,68347,70574,4600,45,7
178680,,,21900,39355,541,29,17450,5318,6531,38142,39355,650,5,5
178969,,,54966,103354,542,29,48380,11196,14153,100397,103354,10600,106,8
179258,1.0,,58826,102796,543,29,43960,6640,23903,85533,102796,10600,102,10
179547,,,72085,129942,544,29,57847,12397,8930,133409,129942,19100,189,10
179836,,,111315,210963,545,29,99623,29361,18368,221956,210963,25000,242,25
180125,,,59462,106075,546,29,46600,10247,23725,92597,106075,13800,136,13
180414,,,50009,95049,547,29,45037,14204,4904,104349,95049,17500,166,3
180703,,,81974,160109,548,29,78115,21015,9474,171650,160109,18100,171,20
180992,,,59736,105443,549,29,45692,18734,17652,106525,105443,17200,161,15
181281,,,60093,112176,550,29,52075,15299,8744,118731,112176,17200,161,8
181570,,,45028,84475,630,29,39440,7718,9199,82994,84475,8700,86,7
181859,,,53490,93198,631,29,39699,7488,12870,87816,93198,14000,131,9
182148,,,41201,71958,635,29,30752,4344,6651,69651,71958,9600,92,5
182437,,,25866,54476,551,30,28609,12283,0,66759,54476,2100,19,1
182726,1.0,,28984,59403,552,30,30416,9689,0,69092,59403,5200,28,3
183015,1.0,,1969,5912,553,31,3942,1834,0,7746,5912,1000,10,1
183304,,,142557,257291,554,32,114711,22989,15581,264699,257291,3600,20,23
183593,1.0,,217747,387583,555,32,169806,65840,14932,438491,387583,2720,24,30
183882,,,53261,99604,556,32,46331,12678,4868,107414,99604,4600,32,12
184171,,,136300,252730,557,32,116396,34438,12676,274492,252730,1250,9,34
184460,1.0,,68858,129684,558,32,60817,9975,6175,133484,129684,900,8,9
184749,,,139696,255136,559,32,115411,25118,6666,273588,255136,2800,18,29
185038,1.0,,130707,231973,560,32,101246,31194,8014,255153,231973,1000,6,20
185327,1.0,,150595,285532,561,32,134912,37410,13322,309620,285532,11350,100,25
185616,,,128433,248211,562,32,119755,26303,9926,264588,248211,8300,67,23
185905,,,131861,242793,563,32,110910,29116,7721,264188,242793,1050,7,22
186194,,,122294,221296,564,32,98971,22125,8487,234934,221296,5600,46,31
186483,,,235829,439339,565,32,203453,51001,16725,473615,439339,9750,49,57
186772,1.0,,176468,313417,566,32,136914,41402,14908,339911,313417,12500,67,35
187061,,,53528,98974,567,32,45438,15179,3891,110262,98974,590,5,8
187350,,,338960,717149,568,33,378128,51441,219221,549369,717149,135850,493,61
187639,,,88127,183342,569,33,95198,20020,19747,183615,183342,16000,100,17
187928,,,30366,67061,570,33,36686,4912,12267,59706,67061,3900,39,9
188217,,,22489,44077,571,33,21583,5915,4385,45607,44077,10750,96,5
188506,,,31576,61391,572,33,29811,6705,4352,63744,61391,15800,149,4
188795,,,30711,62835,573,33,32112,5270,9488,58617,62835,10500,92,12
189084,,,15703,31184,574,33,15478,4689,1561,34312,31184,8700,34,3
189373,,,31129,55371,575,33,24242,6244,2286,59329,55371,10010,95,0
189662,,,16266,31265,576,33,14999,4252,3022,32495,31265,10600,85,0
189951,,,38922,76607,577,33,37675,7508,9180,74935,76607,12100,120,10
190240,,,55036,110319,578,33,55263,13740,10486,113573,110319,21800,218,20
190529,,,13407,27903,579,33,14492,2872,3509,27266,27903,2900,26,4
190818,,,38596,76394,580,33,37787,5151,7451,74094,76394,9900,99,11
191107,,,11158,19595,581,33,8436,2794,685,21704,19595,5100,51,1
191396,,,21607,40988,582,33,19377,3251,3094,41145,40988,8500,85,4
191685,,,16231,29699,583,33,13466,4785,1559,32925,29699,11200,104,2
191974,,,98949,180903,584,33,81935,16991,17213,180681,180903,29000,248,19
192263,,,15509,31512,585,33,16000,4549,3776,32285,31512,7800,70,3
192552,,,31964,65749,586,33,33780,10091,7379,68461,65749,21100,133,5
192841,,,35062,66720,587,33,31654,7375,4543,69552,66720,8500,83,4
193130,,,11621,24767,588,33,13143,3019,1417,26369,24767,11700,101,3
193419,,,36058,81932,589,33,45871,11744,6846,86830,81932,23500,130,3
193708,,,8498,19794,590,33,11295,2355,2400,19749,19794,9500,95,1
193997,,,52629,98260,591,33,45626,11763,8493,101530,98260,15400,154,5
194286,,,15155,33668,592,33,18511,4971,4077,34562,33668,11600,84,2
194575,,,19229,39850,593,33,20615,5552,3565,41837,39850,23400,175,6
194864,,,17967,34096,594,33,16127,5094,3706,35484,34096,8600,80,2
195153,,,38529,79463,595,33,40930,12654,18200,73917,79463,10600,106,4
195442,,,34394,66855,596,33,32439,4256,3393,67718,66855,12200,121,22
195731,,,51498,89877,597,33,38362,6892,3441,93328,89877,8800,88,17
196020,,,9075,18092,610,33,9017,3891,1061,20922,18092,7300,73,0
196309,,,30650,65869,634,33,35213,5244,9453,61660,65869,9200,90,6
196598,1.0,,14169,26801,729,33,12631,3619,593,29827,26801,6200,62,1
196887,,,53653,111689,730,33,58029,9589,8760,112518,111689,14000,133,7
197176,,,10718,22846,731,33,12127,1757,968,23635,22846,4000,40,1
197465,,,16265,30341,732,33,14072,2808,1368,31781,30341,5900,58,4
197754,,,17366,30958,733,33,13585,2899,482,33375,30958,8800,69,7
198043,,,2773,6373,598,34,3598,582,0,6955,6373,1100,4,2
198332,,,2376,4487,599,34,2111,876,0,5363,4487,100,1,0
198621,1.0,,30294,63128,600,34,32827,6015,0,69143,63128,4500,25,7
198910,,,767,1960,601,34,1193,324,74,2210,1960,100,1,0
199199,1.0,,4624,12563,602,35,7939,3642,0,16205,12563,700,7,0
199488,,,1116,2231,603,35,1115,410,0,2641,2231,300,3,0
199777,,,1941,3883,632,35,1942,1172,0,5055,3883,200,2,0
200066,,,7536,15585,501,36,8047,3764,2207,17142,15585,3700,31,2
200355,,,138738,300803,507,36,162033,50227,57747,293283,300803,27800,179,32
200644,,,15134,33892,508,36,18757,8827,4407,38312,33892,3800,30,1
200933,,,18206,38179,509,36,19971,9530,7564,40145,38179,3550,34,2
201222,,,11580,23038,512,36,11455,6709,4811,24936,23038,6200,34,3
201511,,,9212,18188,513,36,8974,3393,2536,19045,18188,3600,18,2
201800,,,12065,24500,514,36,12434,7967,3474,28993,24500,3400,30,1
202089,,,16511,35222,516,36,18705,9505,6987,37740,35222,3500,35,6
202378,,,72582,162111,518,36,89508,26376,19712,168775,162111,10400,75,21
202667,,,3910,7101,522,36,3189,3407,968,9540,7101,2501,22,2
202956,,,6109,14066,680,36,7952,4062,2135,15993,14066,3100,26,5
203245,,,9338,19825,681,36,10484,6345,1121,25049,19825,2800,26,3
203534,,,5878,13496,682,36,7616,4112,2330,15278,13496,2400,23,2
203823,,,3768,7605,683,36,3835,1969,765,8809,7605,1600,16,2
204112,,,6160,13761,684,36,7600,5517,2460,16818,13761,3950,31,1
204401,,,25960,48121,685,36,22151,6445,3268,51298,48121,3700,32,10
204690,,,22163,49693,686,36,27529,11367,9530,51530,49693,6600,57,1
204979,,,1947,4711,687,36,2764,2135,1328,5518,4711,1400,14,0
205268,1.0,,8065,15708,688,36,7632,6629,3320,19017,15708,2700,24,11
205557,,,6565,12075,689,36,5510,2755,921,13909,12075,1400,13,0
205846,,,14364,31150,690,36,16781,13448,5961,38637,31150,5700,49,5
206135,,,13757,31622,691,36,17864,7655,10777,28500,31622,6800,35,1
206424,,,13027,26659,692,36,13630,7523,5894,28288,26659,2400,21,2
206713,,,4985,9831,693,36,4845,2931,2621,10141,9831,1600,15,1
207002,,,8508,16646,694,36,8136,3683,4328,16001,16646,2200,22,2
207291,,,4523,9898,695,36,5374,2388,2994,9292,9898,1400,12,1
207580,,,15780,31165,696,36,15375,3933,5249,29849,31165,3500,34,10
207869,,,7670,15646,697,36,7975,3077,2074,16649,15646,1600,16,1
208158,,,6487,12735,698,36,6248,4418,1008,16145,12735,3500,28,0
208447,,,3644,7048,699,36,3401,2855,787,9116,7048,2000,18,3
208736,,,76538,166056,700,36,89497,14796,23276,157576,166056,10900,44,21
209025,,,1804,4279,720,36,2473,2247,1439,5087,4279,1600,12,2
209314,,,3533,6615,721,36,3080,1838,1152,7301,6615,2800,14,2
209603,,,9846,20784,6,37,10936,2451,0,23235,20784,2200,22,2
209892,1.0,,15379,34794,9,37,19414,4185,0,38979,34794,3400,17,1
