lgd_state_id,lgd_district_id,pc_hospitals_r,pc_hospitals_u,pc_hosp_beds_u,pc_pmed_pos_r,pc_pmed_pos_u,pc_docs_pos_r,pc_docs_pos_u,pc_docs_hosp_u,pc_docs_hosp_r,pc_clinics_r,pc_clinics_u,pc_clinic_beds_u,pc11_pca_tot_p,pc_clinics,pc_docs,pc_docs_hosp,pc_pmeds,pc_num_hospitals
01,001,5,8,284,613,445,321,96,50,12,176,30,469,928430,206,417,62,1058,13
01,002,13,6,316,573,496,299,148,111,14,208,14,480,734110,222,447,125,1069,19
01,003,6,6,341,581,429,352,152,86,8,202,34,605,1007916,236,504,94,1010,12
01,004,2,3,140,352,388,187,71,40,2,170,13,281,409784,183,258,42,740,5
01,005,6,11,1251,829,976,364,362,243,20,271,31730,1954,1529413,32001,726,263,1805,17
01,007,5,5,205,678,285,265,66,57,15,216,12,234,615999,228,331,72,963,10
01,008,8,1,100,684,76,374,42,14,10,195,7,168,870311,202,416,24,760,9
01,010,6,2,270,246,101,85,47,36,6,101,55,311,476752,156,132,42,347,8
01,011,8,4,116,514,208,251,87,67,12,148,7,176,560399,155,338,79,722,12
01,012,3,3,380,551,233,201,81,52,4,226,53,570,642302,279,282,56,784,6
01,013,0,3,204,29,69,15,43,35,0,9,9,241,49962,18,58,35,98,3
01,014,1,3,145,353,212,170,87,59,2,186,12,210,554808,198,257,61,565,4
01,620,1,1,100,242,52,73,25,19,4,77,2,126,230696,79,98,23,294,2
01,621,1,3,80,91,96,51,52,29,1,62,6,157,283713,68,103,30,187,4
01,622,2,4,18,293,147,126,34,11,5,70,12,109,424089,82,160,16,440,6
01,623,2,0,0,276,122,124,31,0,3,80,7,82,392232,87,155,3,398,2
01,624,4,5,86,284,137,111,70,51,5,104,45,182,318444,149,181,56,421,9
01,625,4,1,40,273,41,150,17,3,6,71,1,67,266175,72,167,9,314,5
01,626,3,1,30,384,71,183,30,13,5,108,7,72,297438,115,213,18,455,4
01,627,1,1,16,265,81,127,33,2,2,129,3,89,314528,132,160,4,346,2
02,015,1,2,275,198,307,183,51,28,3,203,17,355,380550,220,234,31,505,3
02,016,12,5,374,231,253,274,60,40,7,343,11,476,517779,354,334,47,484,17
02,017,1,3,340,312,140,215,59,27,1,279,26,419,449994,305,274,28,452,4
02,018,19,9,705,1509,502,1121,145,76,59,1069,196,970,1503754,1265,1266,135,2011,28
02,019,5,0,0,110,0,97,0,0,5,97,0,0,83257,97,97,5,110,5
02,020,11,3,280,150,285,135,75,41,9,218,31,378,437499,249,210,50,435,14
02,021,2,0,0,146,0,95,0,0,9,57,0,0,28654,57,95,9,146,2
02,022,12,6,727,650,382,562,99,65,16,617,23,899,992554,640,661,81,1032,18
02,023,5,14,2193,431,696,453,399,206,9,448,69,2444,803404,517,852,215,1127,19
02,024,10,3,418,171,158,195,85,58,7,263,16,478,528407,279,280,65,329,13
02,025,9,8,433,346,312,310,107,76,23,296,34,527,565582,330,417,99,658,17
02,026,4,2,166,494,85,346,31,12,10,362,28,239,519592,390,377,22,579,6
03,027,19,49,1839,544,1154,448,199,101,22,427,948,2537,2486948,1375,647,123,1698,68
03,028,7,8,299,650,482,459,123,58,7,331,461,639,1388498,792,582,65,1132,15
03,029,9,4,680,255,202,175,231,210,9,302,76,728,617499,378,406,219,457,13
03,030,0,9,380,79,234,57,137,100,0,98,312,722,600017,410,194,100,313,9
03,031,11.8919774889946,7.610865592956543,183.6121324300766,392.4352571368217,188.8446025252342,358.1863619685173,48.51926815509796,35.20025336742401,16.17308938503265,347.7214217782021,254.9639973640442,201.6879382133484,964989.259396553,602.6854191422462,406.7056301236153,51.37334275245667,581.279859662056,19.50284308195114
03,032,14.81785833835602,13.40663373470306,414.9000334739685,586.3638228178024,630.8173978328705,471.3490176200867,160.8796048164368,67.03316867351532,19.05153214931488,417.0168703794479,565.9010660648346,975.1562011241913,1621222.586411834,982.9179364442825,632.2286224365234,86.0847008228302,1217.181220650673,28.22449207305908
03,033,81,9,553,1320,347,1309,159,91,81,1647,9050,941,1585942,10697,1468,172,1667,90
03,034,23,30,952,945,667,660,265,130,51,552,842,1368,2192137,1394,925,181,1612,53
03,035,30,12,366,505,342,475,111,37,30,402,1210,776,813754,1612,586,67,847,42
03,036,25,10,489,842,647,755,166,96,26,574,3266,672,3498403,3840,921,122,1489,35
03,037,4,2,150,397,248,264,39,24,4,204,54,220,769750,258,303,28,645,6
03,038,17,6,230,462,174,337,49,33,17,318,81,268,995544,399,386,50,636,23
03,039,13,4,185,411,140,313,35,29,19,216,42,213,901787,258,348,48,551,17
03,040,13,3,124,432,106,322,38,28,17,288,61,133,611974,349,360,45,538,16
03,041,15,18,1287,442,1703,428,130,53,15,446,273,1682,1895446,719,558,68,2145,33
03,042,4,6,355,351,308,244,101,60,5,169,253,487,684126,422,345,65,659,10
03,043,7,18,483,503,391,455,105,67,7,331,27200,657,1654925,27531,560,74,894,25
03,605,8,4,168,276,205,144,47,25,8,121,33,202,595520,154,191,33,481,12
03,608,0,5,210,422,267,278,106,55,0,178,247,254,994513,425,384,55,689,5
03,609,63,4,161,532,119,476,38,19,43,641,131,209,1119497,772,514,62,651,67
03,651,13.1080225110054,8.389134407043457,202.3878675699234,432.5647428631783,208.1553974747658,394.8136380314827,53.48073184490204,38.79974663257599,17.82691061496735,383.2785782217979,281.0360026359558,222.3120617866516,1063666.740603447,664.3145808577538,448.2943698763847,56.62665724754333,640.720140337944,21.49715691804886
03,662,6.182141661643982,5.593366265296936,173.0999665260315,244.6361771821976,263.1826021671295,196.6509823799133,67.12039518356323,27.96683132648468,7.94846785068512,173.9831296205521,236.0989339351654,406.8437988758087,676388.4135881662,410.0820635557175,263.7713775634766,35.9152991771698,507.8187793493271,11.77550792694092
04,044,0,6,2894,24,3349,13,747,611,0,13,109,2894,1055450,122,760,611,3373,6
05,045,40,6,460,773,241,199,42,31,42,217,27,467,615610,244,241,73,1014,46
05,046,15,1,60,229,46,116,17,11,18,169,7,64,256541,176,133,29,275,16
05,047,20,7,168,417,179,137,53,28,23,151,27,242,387132,178,190,51,596,27
05,048,9,4,100,256,77,85,35,14,9,108,25,153,257697,133,120,23,333,13
05,049,44,21,1149,1166,1919,329,398,156,46,352,258,2636,1695819,610,727,202,3085,65
05,050,0,21,758,529,835,168,191,114,0,1875,219,1035,1889962,2094,359,114,1364,21
05,051,31,10,977,588,680,362,311,267,56,880,123,1107,951892,1003,673,323,1268,41
05,052,101,6,334,2348,259,541,64,38,106,1547,24,429,668230,1571,605,144,2607,107
05,053,39,13,224,501,183,141,28,10,47,225,27,400,475509,252,169,57,684,52
05,054,21,2,76,390,61,180,15,10,26,158,6,104,240730,164,195,36,451,23
05,055,30,6,131,796,167,216,39,24,30,286,26,190,613911,312,255,54,963,36
05,056,8,11,404,433,389,103,134,92,13,1438,135,510,1648323,1573,237,105,822,19
05,057,21,3,128,392,115,125,21,13,25,162,15,148,329229,177,146,38,507,24
06,058,0,7,384,305,299,80,92,68,0,241,242,422,1128172,483,172,68,604,7
06,059,0,4.156159400939941,405.2255415916443,590.1746349334717,329.0292859077454,135.0751805305481,61.64969778060913,49.8739128112793,0,215.427595615387,82.43049478530884,422.542872428894,1132121.88887167,297.8580904006958,196.7248783111572,49.8739128112793,919.203920841217,4.156159400939941
06,060,0,3,500,93,361,41,178,112,0,121,260,540,1809643,381,219,112,454,3
06,061,0,4,240,269,146,68,71,62,0,163,77,250,941925,240,139,62,415,4
06,062,0,8,430,210,254,60,104,84,0,109,144,435,1514397,253,164,84,464,8
06,063,0,6,394,752,386,168,102,69,0,329,199,471,1743931,528,270,69,1138,6
06,064,0,3,145,508,185,163,60,49,0,244,61,145,958340,305,223,49,693,3
06,065,0,5,330,652,318,235,57,47,0,215,55,354,1334132,270,292,47,970,5
06,066,0,4,165,478,194,101,32,27,0,198,56,165,1074268,254,133,27,672,4
06,067,0,7,348,387,465,91,71,61,0,244,158,370,1505074,402,162,61,852,7
06,068,0,5,196,362,320,117,106,50,0,170,60,296,964601,230,223,50,682,5
06,069,0,5,208,335,157,105,41,29,0,171,62,239,922035,233,146,29,492,5
06,070,0,5,225,119,334,41,96,87,0,71,61,225,561268,132,137,87,453,5
06,071,0,4,213,300,152,88,52,34,0,209,119,214,1205416,328,140,34,452,4
06,072,0,3,140,378,161,88,45,34,0,176,99,151,900246,275,133,34,539,3
06,073,0,5,1891,522,886,98,421,409,0,171,139,1891,1061204,310,519,409,1408,5
06,074,1,5,232,534,218,155,45,32,5,278,113,242,1295138,391,200,37,752,6
06,075,1,4,184,811,297,340,72,60,225,286,118,186,1449943,404,412,285,1108,5
06,076,0,8,218,258,187,82,101,85,0,267,114,218,1213951,381,183,85,445,8
06,604,1,6,100,169,78,81,29,21,41,116,33,102,1089177,149,110,62,247,7
06,619,0,4,114,204,131,53,22,17,0,144,44,114,1042660,188,75,17,335,4
06,701,0,1.843840599060059,179.7744584083557,261.8253650665283,145.9707140922546,59.9248194694519,27.35030221939087,22.1260871887207,0,95.57240438461304,36.56950521469116,187.457127571106,502255.1111283302,132.1419095993042,87.27512168884277,22.1260871887207,407.796079158783,1.843840599060059
07,078,0,6,340,1,584,1,250,76,0,1,54,873,423082,55,251,76,585,6
07,080,0,0,0,0,51,0,7.25,0,0,0,16,54,287035,16,7.25,0,51,0
07,081,0,0,0,5,307,4,79,0,0,3,54,269.2000026702881,1060017,57,83,0,312,0
07,082,0,7,413.6363639831543,98,979,47,354.5151538848877,208.9393939971924,0,36,294,761.8181762695313,1567693,330,401.5151672363281,208.9393920898438,1077,7
07,083,0,2,123.1304349899292,0,222,0,77.43478226661682,14.60869562625885,0,3,64,218.0869560241699,858049,67,77.43478393554688,14.60869598388672,222,2
07,084,1,2,150,91,232,73,141,94,1,34,46,202,525376,80,214,95,323,3
07,085,0,0,0,11,204,7,32.72727203369141,0,0,2,26,201.8181762695313,663980,28,39.72727203369141,0,215,0
08,086,2,31,2581,1918,1471,538,487,325,8,605,123,2920,2582868,728,1025,333,3389,33
08,087,3,19,1088,3104,903,924,266,129,14,905,124,1255,3673914,1029,1190,143,4007,22
08,088,1,6,559,1913,241,375,76,37,4,712,27,631,1797110,739,451,41,2154,7
08,089,0,11,580,950,364,216,132,59,0,332,56,656,1222144,388,348,59,1314,11
08,090,0,5,380,2673,263,431,77,44,0,1204,29,436,2603493,1233,508,44,2936,5
08,091,0,18,950,2057,539,582,221,120,0,591,78,1138,2548063,669,803,120,2596,18
08,092,2,24,887,2441,820,590,202,86,8,840,86,1078,2407737,926,792,94,3261,26
08,093,0,18,2210,2036,1563,620,440,318,0,633,102,2477,2363374,735,1060,318,3599,18
08,094,0,14,599,1032,432,240,145,58,0,327,59,730,1109155,386,385,58,1464,14
08,095,2,18,813,1487,428,315,156,65,8,545,64,1029,1542942,609,471,73,1915,20
08,096,1,18,938,1930,539,511,200,101,4,656,96,1134,2039253,752,711,105,2469,19
08,097,0,9,407,1229,256,361,102,53,0,390,36,468,1633790,426,463,53,1485,9
08,098,0,8,502,665,286,168,94,49,0,233,31,563,1206446,264,262,49,951,8
08,099,2,8,526,1922,302,404,107,65,8,706,29,577,1388511,735,511,73,2224,10
08,100,0,23,867,1385,626,275,245,111,0,591,110,1107,1960966,701,520,111,2011,23
08,101,1,7,410,1791,322,555,108,59,4,560,47,488,1767110,607,663,63,2113,8
08,102,1,31,1656,3473,770,1086,318,155,4,1042,105,1866,3579286,1147,1404,159,4243,32
08,103,0,4,250,767,193,109,62,36,0,368,21,301,668471,389,171,36,960,4
08,104,0,8,531,2366,317,666,77,26,0,761,30,705,1828692,791,743,26,2683,8
08,105,0,20,1139,1013,608,173,287,184,0,379,64,1306,1410447,443,460,184,1621,20
08,106,1,38,1174,2668,883,662,358,125,4,815,165,1475,2137043,980,1020,129,3551,39
08,107,1,19,2357,3356,1711,762,440,317,4,1303,127,2495,3687023,1430,1202,321,5067,20
08,108,0,5,440,1485,299,412,86,55,0,452,33,489,1458088,485,498,55,1784,5
08,109,0,18,1062,746,1123,189,346,207,0,250,118,1346,1950653,368,535,207,1869,18
08,110,3,39,1256,3783,762,988,298,109,12,1230,158,1532,3305780,1388,1286,121,4545,42
08,111,3,25,1075,2557,689,592,243,104,14,848,99,1319,2037407,947,835,118,3246,28
08,112,0,11,634,1117,389,206,149,83,0,425,44,715,1156312,469,355,83,1506,11
08,113,1,5,366,1181,310,324,86,51,4,365,30,423,1335202,395,410,55,1491,6
08,114,3,44,1427,3034,986,803,398,162,12,991,151,1834,2677041,1142,1201,174,4020,47
08,115,0,16,423,1217,390,338,135,43,0,369,62,575,1036052,431,473,43,1607,16
08,116,3,9,506,1500,410,345,121,62,12,492,48,587,1420809,540,466,74,1910,12
08,117,3,22,2169,2747,612,527,210,74,12,1095,87,2362,3067714,1182,737,86,3359,25
08,629,1,6,301,730,217,153,56,23,4,271,20,344,867172,291,209,27,947,7
09,118,17,110,1746,384,3932,289,1164,168,12,299,357,12746,4418723,656,1453,180,4316,127
09,119,6,12,646,412,391,249,270,56,7,177,196,2258,3673790,373,519,63,803,18
09,120,20,12,476,536,480,358,213,100,29,347,95,1107,5952818,442,571,129,1016,32
09,121,11,1,14.85714280605316,377,110,274,30.85714244842529,1.142857149243355,40,182,47,149.2857131958008,2397261,229,304.8571472167969,41.14285659790039,487,12
09,122,23,8,130,127,211,649,56,25,56,234,64,207,1379342,298,705,81,338,31
09,123,5,9,458,420,895,199,162,14,9,171,57,1483,4608998,228,361,23,1315,14
09,124,6,14,208,315,300,183,171.125,93.375,14,2645,64,335,1302911,2709,354.125,107.375,615,20
09,125,4,5,268,79,299,80,68,35,6,109,34,441,3487604,143,148,41,378,9
09,126,0,11,383,264,407,85,78,41,0,94,1249,596,3237749,1343,163,41,671,11
09,127,7,5,235,70,222,53,79,30,6,89,101,498,2148555,190,132,36,292,12
09,128,8,58,742,194,494,162,225,138,9,164,443,1115,1799082,607,387,147,688,66
09,129,19,8,301,363,436,325,108,37,40,306,1990,716,3260325,2296,433,77,799,27
09,130,5,25,934,546,814,268,307,88,5,151,214,1774,4447632,365,575,93,1360,30
09,131,0,3,334,160,301,105,40,27,0,49,34,473,2460778,83,145,27,461,3
09,132,10,25,329,433,248,187,186,60,15,183,686,862,3680174,869,373,75,681,35
09,133,9,19,601,368,678,203,218,84,4,199,575,947,3681681,774,421,88,1046,28
09,134,8,11,448,501,480,399,152,43,16,199,325,976,3499033,524,551,59,981,19
09,135,6,5,275,20,229,53,42,22,3,59,2694,334,1951050,2753,95,25,249,11
09,136,6,4,134,279,63,141,45,37,10,63,11,148,991365,74,186,47,342,10
09,137,10,9,441,418,416,294,119,69,33,115,147,668,3099756,262,413,102,834,19
09,138,5,7,254,132,339,79,77,46,19,130,156,387,1774378,286,156,65,471,12
09,139,9,5,158,158,24,135,56,36,11,103,52,277,1581776,155,191,47,182,14
09,140,16,7,354,316,371,324,97,62,39,196,61,571,2470764,257,421,101,687,23
09,141,22,8,404,309,193,192,143,113,23,199,85,510,1885116,284,335,136,502,30
09,142,15,9,292,425,113,237,58,26,22,327,48,494,2632479,375,295,48,538,24
09,143,4,12,454,530,315,250,79,43,6,180,88,576,2498101,268,329,49,845,16
09,144,5,6,221.8461542129517,261,250,133,101.2307691574097,19.38461542129517,5,147,202,539.538459777832,1647619,349,234.2307739257813,24.38461494445801,511,11
09,145,5.713092803955078,9.997912406921387,427.9051581816575,462.0463805198669,787.6926703453064,224.9530291557312,261.8134647725046,81.57637315793136,8.569639205932617,191.3886089324951,480.6139321327209,1001.878716699413,3343265.487907887,672.0025410652161,486.7664734966238,90.14601032070277,1249.739050865173,15.71100521087646
09,146,4,7,277,109,387,171,91,42,18,161,428,602,3615085,589,262,60,496,11
09,147,4,5,262,268,284,181,64,39,4,90,42,420,3433700,132,245,43,552,9
09,148,9,18,300,210,391,236,163,37,32,107,128,917,4437832,235,399,69,601,27
09,149,15,7,192,156,180,286,46,17,23,131,345,335,1104133,476,332,40,336,22
09,150,41,16,449,348,518,382,114,58,52,383,50,654,4092759,433,496,110,866,57
09,151,28,9,245,310,384,320,73,46,75,219,29,379,1689508,248,393,121,694,37
09,152,8,8,225,35,249,145,72,27,26,112,75,383,4491434,187,217,53,284,16
09,153,10,20,844,144,1157,268,360,90,6,175,184,1584,1998250,359,628,96,1301,30
09,154,5,8,144,242,230,155,152,72,6,76,530,643,1839694,606,307,78,472,13
09,155,1,8,174,77,247,59,66,29,1,85,70,348,1656567,155,125,30,324,9
09,156,15,4,116,178,146,199,42,6,5,209,55,239,1796076,264,241,11,324,19
09,157,8,67,4882,475,2000,304,351,248,10,149,140,5237,4581155,289,655,258,2475,75
09,158,7,5,164,163,197,104,41,9,13,90,32,263,1599559,122,145,22,360,12
09,159,3,10,128,637,181,388,63,26,3,213,78,265,4020617,291,451,29,818,13
09,160,29,6,132,373,146,330,60,22,43,159,32,257,3563955,191,390,65,519,35
09,161,13,5,284,184,199,195,67,22,17,146,59,447,1221190,205,262,39,383,18
09,162,13,70,2418,175,1464,316,826,144,19,159,4012,7003,4589769,4171,1142,163,1639,83
09,163,5,8,234,244,225,198,93,39,17,99,60,466,1564563,159,291,56,469,13
09,164,1,9,214,37,285,61,65,32,1,54,381,420,2684496,435,126,33,322,10
09,165,4,8,179,49,99,70,41,36,2,85,32,198,875849,117,111,38,148,12
09,166,13,8,405,399,447,193,89,55,13,160,73,531,1868393,233,282,68,846,21
09,167,10,10,234,407,729,211,903,62,15,283,176,1317,2546804,459,1114,77,1136,20
09,168,2,8,184,140,219,92,82,43,1,52,80,245,2203065,132,174,44,359,10
09,169,16,13,474,644,670,342,289,30,27,365,376,1002,3443472,741,631,57,1314,29
09,170,5,13,457,147,565,361,69,21,21,63,44,778,2495021,107,430,42,712,18
09,171,3.55624794960022,11.2614518404007,432.6768338680267,427.9351699352264,388.223734498024,219.3019568920135,200.3353011608124,60.45621514320374,4.148955941200256,362.7372908592224,274.423800110817,1367.377336621284,2828013.719472885,637.1610909700394,419.6372580528259,64.60517108440399,816.1589044332504,14.81769979000092
09,172,11.08213138580322,16.62319707870483,248.6553229689598,652.1141687333584,378.177733540535,300.6028138399124,150.3014069199562,40.17272627353668,32.55376094579697,259.737454354763,1064.577246248722,1002.240257203579,2869656.277997911,1324.314700603485,450.9042207598686,72.72648721933365,1030.291902273893,27.70532846450806
09,173,5,7,285,324,150,191,173,52,5,105,114,616,2029321,219,364,57,474,12
09,174,26,4,188,436,320,502,74,5,33,561,108,887,3208859,669,576,38,756,30
09,175,20.10752779245377,5.245442032814026,210.6919216513634,292.8705134987831,565.6334992051125,303.3613975644112,167.8541450500488,35.84385389089584,35.84385389089584,200.2010375857353,75.18466913700104,794.6844679713249,2977020.027311742,275.3857067227364,471.21554261446,71.68770778179169,858.5040127038956,25.35296982526779
09,176,3,12,234,1063,259,551,73,39,6,120,53,455,2335176,173,624,45,1322,15
09,177,2,26,674,421,489,201,168,79,5,69,127,1050,3465682,196,369,84,910,28
09,178,9,2,60,59,200,78,24,8,18,44,178,103,1713945,222,102,26,259,11
09,179,2,5,209,13,89,20,60,43,1,25,101,251,1577250,126,80,44,102,7
09,180,2,7,485,511,546,302,141,67,4,99,32,863,3004829,131,443,71,1057,9
09,181,4,2,35,205,42,92,16,6,10,46,508,57,1117225,554,108,16,247,6
09,182,1,5,52,71,86,70,48,12,1,73,38,102,2557981,111,118,13,157,6
09,183,25,12,232,920,649,458,133,82,32,233,73,387,4483797,306,591,114,1569,37
09,184,5,13,911,243,355,126,116,79,5,65,81,1022,1860919,146,242,84,598,18
09,185,11.92551237344742,4.393609821796417,160.6805877685547,310.0633217096329,213.4039056301117,187.6699052453041,40.79780548810959,21.96804910898209,20.08507347106934,193.9464907050133,32.01058584451675,264.8719063997269,2382890.605973482,225.95707654953,228.4677107334137,42.05312258005142,523.4672273397446,16.31912219524384
09,186,12,12,276,305,533,224,159,71,12,126,95,509,3107911,221,383,83,838,24
09,187,18,13,1355,114,984,140,159,111,15,94,247,1571,3675555,341,299,126,1098,31
09,633,7,7,139,72,201,46,58,22,12,58,118,238,1436632,176,104,34,273,14
09,640,9.966959148645401,3.360947966575623,125.6274833977222,226.066154807806,207.9625758826733,154.9686868488789,48.34804373979568,18.18809577822685,17.0710714161396,143.8524648845196,29.80474245548248,271.4435985386372,1841830.26522997,173.6572073400021,203.3167305886745,35.25916719436646,434.0287306904793,13.32790711522102
09,659,2.443752229213715,7.73854872584343,297.3231878876686,294.0648515820503,266.7762850224972,150.6980541348457,137.6647089123726,41.54378789663315,2.851044267416,249.2627273797989,188.5762136876583,939.6227321326733,1943330.422724247,437.8389410674572,288.3627630472183,44.39483216404915,560.8411366045475,10.18230095505714
09,660,4.917868614196777,7.376802921295166,110.3446770310402,289.3858312666416,167.822266459465,133.3971861600876,66.69859308004379,17.82727372646332,14.44623905420303,115.262545645237,472.4227537512779,444.7597427964211,1273454.722002089,587.6852993965149,200.0957792401314,32.27351278066635,457.2080977261066,12.29467153549194
09,661,2.286907196044922,4.002087593078613,171.2871502442458,184.9536194801331,315.3073296546936,90.0469708442688,104.8019202830374,32.65439599947831,3.430360794067383,76.61139106750488,192.3860678672791,401.0443599302253,1338283.512092113,268.9974589347839,194.8488829486887,36.08475597568395,500.2609491348267,6.288994789123535
10,188,0,1,100,625,119,289,36,7,0,274,25,215,2811441,299,325,7,744,1
10,189,0,4,136,2510,170,166,58,7,0,1063,54,225,2539737,1117,224,7,2680,4
10,190,0,1,100,907,153,490,37,7,0,429,24,215,2032934,453,527,7,1060,1
10,191,0,4,308,854,139,273,111,44,0,286,96,497,2970249,382,384,44,993,4
10,192,0,6,515,1122,289,294,130,48,0,456,57,730,3037106,513,424,48,1411,6
10,193,0,2,153,1033,282,500,69,25,0,603,111,275,2728315,714,569,25,1315,2
10,194,0,5,178,1152,355,457,81,19,0,357,34,256,1705833,391,538,19,1507,5
10,195,0,3,1111,860,318,511,188,152,0,542,49,1382,3937048,591,699,152,1178,3
10,196,0,3,170,1266,626,491,152,18,0,808,104,820,4390627,912,643,18,1892,3
10,197,0,4,80,575,155,541,88,20,0,277,61,450,2561468,338,629,20,730,4
10,198,0,3,139,441,146,131,66,14,0,254,62,575,1759166,316,197,14,587,3
10,199,0,3,95,548,109,233,65,13,0,196,46,292,1125273,242,298,13,657,3
10,200,0,2,140,1652,94,460,44,17,0,406,14,255,1625172,420,504,17,1746,2
10,201,0,3,662,459,890,423,354,286,0,394,159,862,3070115,553,777,286,1349,3
10,202,0,1,42,690,84,369,46,8,0,255,24,259,1666853,279,415,8,774,1
10,203,0,1,107,370,426,193,64,8,0,209,40,643,1690183,249,257,8,796,1
10,204,0,3,236,539,129,155,75,25,0,168,36,481,1000854,204,230,25,668,3
10,205,0,1,300,451,53,237,30,9,0,276,16,363,2001681,292,267,9,504,1
10,206,0,2,225,968,156,718,61,26,0,695,30,350,4487277,725,779,26,1124,2
10,207,0,2,476,331,264,190,100,21,0,182,53,778,1367187,235,290,21,595,2
10,208,0,4,1121,1155,512,675,222,115,0,685,150,1600,4800808,835,897,115,1667,4
10,209,0,5,366,1039,235,346,122,39,0,595,103,948,2877649,698,468,39,1274,5
10,210,0,1,43,991,126,791,59,8,0,560,36,173,2219042,596,850,8,1117,1
10,211,0,4,436,1490,268,667,101,35,0,691,67,686,3934747,758,768,35,1758,4
10,212,0,15,2515.714279174805,1350,3804,557,858.3529167175293,496.0714302062988,0,984,319,4353.11116027832,5838347,1303,1415.352905273438,496.0714416503906,5154,15
10,213,0,5,386,1760,363,1374,170,29,0,658,133,700,5099299,791,1544,29,2123,5
10,214,0,1,500,890,298,431,76,30,0,266,12,631,3264029,278,507,30,1188,1
10,215,0,3,148,1648,234,579,84,11,0,536,101,468,2959339,637,663,11,1882,3
10,216,0,1,208,304,104,218,10,8,0,199,8,208,1900612,207,228,8,408,1
10,217,0,5,312,1642,186,332,84,12,0,574,100,603,4261126,674,416,12,1828,5
10,218,0,4,429,949,1577,344,245,132,0,654,110,1174,3951531,764,589,132,2526,4
10,219,0,2,160,571,325,97,118,35,0,207,58,454,636261,265,215,35,896,2
10,220,0,1,50,143,136,82,33,20,0,103,17,77,656166,120,115,20,279,1
10,221,0,1,90,1376,191,992,52,8,0,461,24,167,3423472,485,1044,8,1567,1
10,222,0,2,112,1165,174,389,79,8,0,796,43,260,3330285,839,468,8,1339,2
10,223,0,1,100,550,88,340,44,12,0,263,14,255,2229051,277,384,12,638,1
10,224,0,2,153,1582,103,228,34,19,0,645,37,159,3494471,682,262,19,1685,2
10,611,0,1,100,393,21,164,25,6,0,166,16,122,700817,182,189,6,414,1
11,225,0,2,800,279,188,33,135,114,0,102,7,931,283499,109,168,114,467,2
11,226,0,1,100,141,70,16,15,8,0,44,4,124,43668,48,31,8,211,1
11,227,1,1,100,243,114,29,32,24,2,93,5,198,146818,98,61,26,357,2
11,228,0,1,100,222,44,37,20,13,0,96,5,131,136351,101,57,13,266,1
12,229,0,2,90,79,89,35,18,5,0,31,8,106,147334,39,53,5,168,2
12,230,0,1,50,9,37,3,3,2,0,3,3,51,6012,6,6,2,46,1
12,231,.8462574481964111,.8462574481964111,45.6979022026062,107.4746959209442,10.15508937835693,52.46796178817749,8.462574481964111,5.923802137374878,1.692514896392822,44.85164475440979,2.538772344589233,54.16047668457031,64791.16274881363,47.39041709899902,60.9305362701416,7.6163170337677,117.6297852993011,1.692514896392822
12,232,8,1,90,163,73,72,18,18,1,68,7,121,98990,75,90,19,236,9
12,233,0,.4927668571472168,5.913202285766602,37.94304800033569,1.971067428588867,18.72514057159424,.4927668571472168,.4927668571472168,0,18.72514057159424,.4927668571472168,5.913202285766602,43317.16334438324,19.21790742874146,19.21790742874146,.4927668571472168,39.91411542892456,.4927668571472168
12,234,0,.6831451058387756,43.72128677368164,39.2808435857296,47.13701230287552,19.12806296348572,6.831451058387756,5.806733399629593,0,16.05390998721123,2.391007870435715,48.16172996163368,49463.12138825655,18.44491785764694,25.95951402187347,5.806733399629593,86.41785588860512,.6831451058387756
12,235,3,1,50,75,17,34,12,10,4,30,3,61,51945,33,46,14,92,4
12,236,0,.7523177862167358,60.18542289733887,91.78276991844177,107.5814434289932,52.66224503517151,14.29403793811798,10.5324490070343,0,28.58807587623596,1.504635572433472,75.23177862167358,59359.37796807289,30.09271144866943,66.95628297328949,10.5324490070343,199.364213347435,.7523177862167358
12,237,2,1,162,130,121,61,93,72,0,55,155430,197,174127,155485,154,72,251,3
12,238,2,1,30,93,41,41,19,8,3,30,4,47,48497,34,60,11,134,3
12,239,.4913775324821472,.9827550649642944,34.88780480623245,53.0687735080719,75.67214000225067,23.58612155914307,8.353418052196503,6.387907922267914,.9827550649642944,21.12923389673233,2.456887662410736,35.3791823387146,54940.92190682888,23.58612155914307,31.93953961133957,7.370662987232208,128.7409135103226,1.474132597446442
12,240,2,1,40,54,26,26,16,13,0,27,3,41,35016,30,42,13,80,3
12,241,0,1,111,131,15,88,23,20,0,63,2,131,80964,65,111,20,146,1
12,242,0,2,88,133,62,64,15,9,0,47,6,123,82477,53,79,9,195,2
12,243,0,.7636329531669617,41.61799594759941,43.9088948071003,48.10887604951859,21.76353916525841,11.83631077408791,9.927228391170502,0,19.47264030575752,3.436348289251328,43.9088948071003,42218.21144878864,22.90898859500885,33.59984993934631,9.927228391170502,92.01777085661888,.7636329531669617
12,628,0,1,16,40,16,21,2,1,0,21,1,16,17306,22,23,1,56,1
12,666,.5086224675178528,1.017244935035706,36.11219519376755,54.9312264919281,78.32785999774933,24.41387844085693,8.646581947803497,6.612092077732086,1.017244935035706,21.87076610326767,2.543112337589264,36.6208176612854,56869.07809317112,24.41387844085693,33.06046038866043,7.629337012767792,133.2590864896774,1.525867402553558
12,677,0,.5072331428527832,6.086797714233398,39.05695199966431,2.028932571411133,19.27485942840576,.5072331428527832,.5072331428527832,0,19.27485942840576,.5072331428527832,6.086797714233398,44588.83665561676,19.78209257125854,19.78209257125854,.5072331428527832,41.08588457107544,.5072331428527832
12,678,0,1.316854953765869,84.27871704101563,75.71915984153748,90.86299180984497,36.87193870544434,13.16854953765869,11.19326710700989,0,30.94609141349792,4.608992338180542,92.83827424049377,95346.88292741776,35.55508375167847,50.04048824310303,11.19326710700989,166.5821516513824,1.316854953765869
12,679,0,.4207977950572968,22.93347983062267,24.19587321579456,26.5102610886097,11.99273715913296,6.5223658233881,5.470371335744858,0,10.73034377396107,1.893590077757835,24.19587321579456,23264.22689753771,12.6239338517189,18.51510298252106,5.470371335744858,50.70613430440426,.4207977950572968
12,718,0,.2476822286844254,19.81457829475403,30.21723189949989,35.41855870187283,17.33775600790977,4.705962345004082,3.467551201581955,0,9.411924690008163,.4953644573688507,24.76822286844254,19542.62320765853,9.907289147377014,22.04371835291386,3.467551201581955,65.63579060137272,.2476822286844254
12,719,0,.3290368020534515,17.93250571191311,18.91961611807346,20.72931852936745,9.377548858523369,5.100070431828499,4.27747842669487,0,8.390438452363014,1.480665609240532,18.91961611807346,18191.12863832712,9.871104061603546,14.47761929035187,4.27747842669487,39.64893464744091,.3290368020534515
12,723,.1537425369024277,.1537425369024277,8.302096992731094,19.52530218660831,1.844910442829132,9.532037287950516,1.537425369024277,1.076197758316994,.3074850738048553,8.148354455828667,.461227610707283,9.839522361755371,11770.83611032367,8.60958206653595,11.06946265697479,1.383682832121849,21.37021262943745,.3074850738048553
12,724,0,.2930070459842682,15.96888400614262,16.84790514409542,18.4594438970089,8.350700810551643,4.541609212756157,3.809091597795486,0,7.471679672598839,1.318531706929207,16.84790514409542,16199.18754428625,8.790211379528046,12.8923100233078,3.809091597795486,35.30734904110432,.2930070459842682
12,725,0,.1935254037380219,10.54713450372219,11.12771071493626,12.19210043549538,5.515474006533623,2.999643757939339,2.515830248594284,0,4.934897795319557,.8708643168210983,11.12771071493626,10699.24547106028,5.805762112140656,8.515117764472961,2.515830248594284,23.31981115043163,.1935254037380219
13,244,0,9,1160,172,340,12,128,106,0,53,40,1278,378723,93,140,106,512,9
13,245,0,7,360,177,207,26,54,40,0,37,20,426,267924,57,80,40,384,7
13,246,0,2,230,274,57,30,20,15,0,64,8,267,194548,72,50,15,331,2
13,247,0,1,50,221,33,9,10,8,0,65,5,56,250260,70,19,8,254,1
13,248,0,1,60,236,26,24,12,10,0,60,5,64,163418,65,36,10,262,1
13,249,0,1,80,269,47,21,17,15,0,48,4,92,196493,52,38,15,316,1
13,250,0,1,60,332,28,26,11,8,0,62,4,73,166312,66,37,8,360,1
13,251,0,1,40,327,29,23,9,6,0,67,4,43,140704,71,32,6,356,1
13,613,0,3,50,188,30,11,7,5,0,28,7,55,95170,35,18,5,218,3
13,614,0,1,30,35,17,7,9,7,0,12,4,32,73941,16,16,7,52,1
13,615,0,1,25,68,14,3,8,6,0,8,4,27,50433,12,11,6,82,1
14,252,0,1,50,81,84,53,40,19,0,25,2318,142,237399,2343,93,19,165,1
14,253,0,.5916882753372192,29.58441376686096,37.86804962158203,5.916882753372192,23.66753101348877,1.775064826011658,1.775064826011658,0,11.24207723140717,1.775064826011658,35.50129652023315,85052.23113834858,13.01714205741882,25.44259583950043,1.775064826011658,43.78493237495422,.5916882753372192
14,254,.8512316942214966,.8512316942214966,51.07390165328979,261.3281301259995,33.19803607463837,138.7507661581039,11.06601202487946,5.958621859550476,.8512316942214966,83.42070603370667,894.6445106267929,67.24730384349823,232646.7294209003,978.0652166604996,149.8167781829834,6.809853553771973,294.5261662006378,1.702463388442993
14,255,0,1.80187463760376,366.6814887523651,162.1687173843384,519.8408329486847,67.57029891014099,172.9799652099609,102.7068543434143,0,62.16467499732971,10158.96920681,580.2036333084106,410766.1536359787,10221.13388180733,240.5502641201019,102.7068543434143,682.0095503330231,1.80187463760376
14,256,0,1,500,142,959,57,368,230,0,52,21856,1102,517976,21908,425,230,1101,1
14,257,.5932134389877319,.5932134389877319,17.79640316963196,120.4223281145096,36.18601977825165,77.11774706840515,8.898201584815979,5.338920950889587,.5932134389877319,63.47383797168732,.5932134389877319,33.21995258331299,284073.3059549332,64.06705141067505,86.01594865322113,5.932134389877319,156.6083478927612,1.186426877975464
14,258,0,.6606944799423218,33.03472399711609,85.89028239250183,15.1959730386734,35.67750191688538,5.946250319480896,3.964166879653931,0,22.46361231803894,817.279071688652,42.28444671630859,92867.87679517269,839.742684006691,41.62375223636627,3.964166879653931,101.0862554311752,.6606944799423218
14,259,0,1.91944545507431,70.37966668605804,109.4083909392357,48.62595152854919,56.30373334884644,18.55463939905167,8.317596971988678,0,34.55001819133759,8.317596971988678,104.2898697257042,270106.9236986637,42.86761516332626,74.8583727478981,8.317596971988678,158.0343424677849,1.91944545507431
14,260,0,.7269152402877808,36.34576201438904,91.59132027626038,9.44989812374115,39.98033821582794,4.361491441726685,2.907660961151123,0,36.34576201438904,1.453830480575562,43.61491441726685,133726.9621795416,37.7995924949646,44.34182965755463,2.907660961151123,101.0412184000015,.7269152402877808
14,711,0,1.08055454492569,39.62033331394196,61.59160906076431,27.37404847145081,31.69626665115356,10.44536060094833,4.682403028011322,0,19.44998180866241,4.682403028011322,58.71013027429581,152057.0763013363,24.13238483667374,42.1416272521019,4.682403028011322,88.96565753221512,1.08055454492569
14,712,.4067865312099457,.4067865312099457,12.20359593629837,82.57766583561897,24.81397840380669,52.88224905729294,6.101797968149185,3.661078780889511,.4067865312099457,43.52615883946419,.4067865312099457,22.78004574775696,194798.6797735691,43.93294537067413,58.98404702544212,4.067865312099457,107.3916442394257,.8135730624198914
14,713,0,.1981253176927567,40.31850215047598,17.8312785923481,57.15915415436029,7.429699413478374,19.02003049850464,11.29314310848713,0,6.835323460400105,1117.030541151762,63.79635229706764,45165.83617314696,1123.865864612162,26.44972991198301,11.29314310848713,74.99043274670839,.1981253176927567
14,714,0,.3393054902553558,16.96527451276779,44.10971373319626,7.804026275873184,18.32249647378922,3.053749412298203,2.035832941532135,0,11.5363866686821,419.7208914458752,21.71555137634277,47693.11901578307,431.2572781145573,21.37624588608742,2.035832941532135,51.91374000906944,.3393054902553558
14,715,.1487683057785034,.1487683057785034,8.926098346710205,45.67186987400055,5.801963925361633,24.24923384189606,1.933987975120544,1.041378140449524,.1487683057785034,14.57929396629333,156.3554893732071,11.75269615650177,40659.27057909966,170.9347833395004,26.1832218170166,1.190146446228027,51.47383379936218,.2975366115570068
14,716,0,.4083116948604584,20.41558474302292,26.13194847106934,4.083116948604584,16.33246779441833,1.224935084581375,1.224935084581375,0,7.757922202348709,1.224935084581375,24.4987016916275,58692.76457771659,8.982857286930084,17.55740287899971,1.224935084581375,30.21506541967392,.4083116948604584
14,717,0,.2730847597122192,13.65423798561096,34.40867972373962,3.55010187625885,15.01966178417206,1.638508558273315,1.092339038848877,0,13.65423798561096,.5461695194244385,16.38508558273315,50238.03782045841,14.2004075050354,16.65817034244537,1.092339038848877,37.95878159999847,.2730847597122192
15,261,3.621811151504517,1.810905575752258,2.716358363628387,104.1270706057549,32.59630036354065,28.97448921203613,47.98899775743484,10.86543345451355,0,104.1270706057549,55.23262006044388,82.39620369672775,362373.9765942693,159.3596906661987,76.96348696947098,10.86543345451355,136.7233709692955,5.432716727256775
15,262,.7896571755409241,1.579314351081848,12.63451480865479,65.5415455698967,41.06217312812805,8.686228930950165,12.63451480865479,9.475886106491089,0,67.91051709651947,104.234747171402,45.01045900583267,99251.22073656321,172.1452642679214,21.32074373960495,9.475886106491089,106.6037186980247,2.368971526622772
15,263,0,4,30,33,42,5,17,16,0,25,7,30,83955,32,22,16,75,4
15,264,0,1,1,68,19,9,6,1,0,84,6,6,117877,90,15,1,87,1
15,265,.8580830097198486,.8580830097198486,.8580830097198486,103.8280441761017,1.716166019439697,18.01974320411682,1.716166019439697,0,0,64.35622572898865,32911.77383780479,12.01316213607788,138469.7133615017,32976.13006353378,19.73590922355652,0,105.5442101955414,1.716166019439697
15,266,0,8,4,101,12,15,6,6,0,44,17,11,86364,61,21,6,113,8
15,267,0,1,64,75,50,8,11,11,0,37,73,64,56574,110,19,11,125,1
15,268,2,2,8,66,18,5,15,12,0,43,8,18,64910,51,20,12,84,4
15,726,.1419169753789902,.1419169753789902,.1419169753789902,17.17195402085781,.2838339507579803,2.980256482958794,.2838339507579803,0,0,10.64377315342426,5443.225590661168,1.986837655305862,22901.28423388302,5453.869363814592,3.264090433716774,0,17.45578797161579,.2838339507579803
15,727,.378188818693161,.1890944093465805,.2836416140198708,10.87292853742838,3.403699368238449,3.025510549545288,5.011001847684383,1.134566456079483,0,10.87292853742838,5.767379485070705,8.603795625269413,37839.02042391151,16.64030802249908,8.036512397229671,1.134566456079483,14.27662790566683,.5672832280397415
15,728,.2103427946567535,.4206855893135071,3.365484714508057,17.45845195651054,10.93782532215118,2.313770741224289,3.365484714508057,2.524113535881042,0,18.0894803404808,27.76524889469147,11.98953929543495,26437.7755176127,45.85472923517227,5.679255455732346,2.524113535881042,28.39627727866173,.6310283839702606
16,269,6,1,70,487,130,339,33,11,17,160,50,70,378230,210,372,28,617,7
16,270,4.190689623355865,3.59201967716217,138.8914275169373,217.915860414505,95.18852144479752,128.1153684854507,43.70290607213974,25.14413774013519,9.578719139099121,92.79384166002274,14.96674865484238,138.8914275169373,415445.2131512761,107.7605903148651,171.8182745575905,34.72285687923431,313.1043818593025,7.782709300518036
16,271,11.88381636142731,2.700867354869843,197.1633169054985,343.01015406847,82.64654105901718,282.5107253193855,39.4326633810997,27.54884701967239,21.06676536798477,211.7480006217957,8.642775535583496,197.1633169054985,473192.5007466674,220.3907761573792,321.9433887004852,48.61561238765717,425.6566951274872,14.58468371629715
16,272,11.28855067491531,5.375500321388245,532.712081849575,289.7394673228264,321.454919219017,260.7117655873299,261.7868656516075,204.2690122127533,26.3399515748024,185.9923111200333,26.87750160694122,613.3445866703987,927671.0549132228,212.8698127269745,522.4986312389374,230.6089637875557,611.1943865418434,16.66405099630356
16,652,3.796416163444519,1.807817220687866,179.1546865701675,97.44134819507599,108.1074697971344,87.67913520336151,88.04069864749908,68.69705438613892,8.858304381370544,62.55047583580017,9.039086103439331,206.2719448804855,311982.0682612658,71.5895619392395,175.7198338508606,77.55535876750946,205.5488179922104,5.604233384132385
16,653,5.915033787488937,2.816682755947113,279.1332611143589,151.8192005455494,168.4376288056374,136.609113663435,137.1724502146244,107.0339447259903,13.80174550414085,97.45722335577011,14.08341377973557,321.3835024535656,486085.9282565415,111.5406371355057,273.7815638780594,120.8356902301311,320.2568293511868,8.73171654343605
16,654,10.1161829829216,2.299132496118546,167.8366722166538,291.9898270070553,70.35345438122749,240.4892590939999,33.56733444333076,23.45115146040916,17.93323346972466,180.251987695694,7.357223987579346,167.8366722166538,402808.4731464684,187.6092116832733,274.0565935373306,41.38438493013382,362.3432813882828,12.41531547904015
16,655,2.809310376644135,2.40798032283783,93.10857248306274,146.084139585495,63.81147855520248,85.88463151454926,29.29709392786026,16.85586225986481,6.421280860900879,62.20615833997726,10.03325134515762,93.10857248306274,278501.7868487239,72.23940968513489,115.1817254424095,23.27714312076569,209.8956181406975,5.217290699481964
17,273,0,.457330584526062,45.7330584526062,67.68492650985718,18.75055396556854,31.09847974777222,10.51860344409943,6.402628183364868,0,42.07441377639771,1.371991753578186,66.77026534080505,144885.5304919481,43.44640552997589,41.61708319187164,6.402628183364868,86.43548047542572,.457330584526062
17,274,0,1,600,190,222,109,144,57,0,109,30,951,824452,139,253,57,412,1
17,275,0,.6888597011566162,68.88597011566162,146.0382566452026,42.02044177055359,65.44167160987854,23.42122983932495,13.08833432197571,0,71.64140892028809,4.822017908096313,93.6849193572998,271793.7282495499,76.4634268283844,88.86290144920349,13.08833432197571,188.0586984157562,.6888597011566162
17,276,0,1,100,83,66,43,23,11,0,48,4,136,258173,52,66,11,149,1
17,277,0,1,100,56,36,28,17,10,0,35,3,136,139519,38,45,10,92,1
17,278,0,.7318224310874939,146.3644862174988,153.6827105283737,71.7185982465744,77.57317769527435,43.17752343416214,29.27289724349976,0,110.5051870942116,7.318224310874939,194.6647666692734,469783.8959450126,117.8234114050865,120.7507011294365,29.27289724349976,225.4013087749481,.7318224310874939
17,279,0,1.484209537506104,148.4209537506104,135.8051726818085,77.92100071907043,71.98416256904602,28.19998121261597,13.35788583755493,0,74.21047687530518,5.936838150024414,201.110392332077,283025.4009165764,80.14731502532959,100.184143781662,13.35788583755493,213.7261734008789,1.484209537506104
17,656,0,.542669415473938,54.2669415473938,80.31507349014282,22.24944603443146,36.90152025222778,12.48139655590057,7.597371816635132,0,49.92558622360229,1.628008246421814,79.22973465919495,171921.4695080519,51.55359447002411,49.38291680812836,7.597371816635132,102.5645195245743,.542669415473938
17,657,0,.3111402988433838,31.11402988433838,65.96174335479736,18.97955822944641,29.55832839012146,10.57877016067505,5.911665678024292,0,32.35859107971191,2.177982091903687,42.3150806427002,122762.2717504501,34.5365731716156,40.13709855079651,5.911665678024292,84.94130158424377,.3111402988433838
17,658,0,.5157904624938965,51.57904624938965,47.19482731819153,27.07899928092957,25.01583743095398,9.800018787384033,4.642114162445068,0,25.78952312469482,2.063161849975586,69.88960766792297,98356.59908342361,27.85268497467041,34.81585621833801,4.642114162445068,74.27382659912109,.5157904624938965
17,663,0,.2681775987148285,53.6355197429657,56.31729573011398,26.28140467405319,28.42682546377182,15.82247832417488,10.72710394859314,0,40.4948174059391,2.681775987148285,71.33524125814438,172153.1231862009,43.17659339308739,44.2493037879467,10.72710394859314,82.59870040416718,.2681775987148285
18,280,9,10,510,1252,279,722,115,40,17,373,36,600,1693249,409,837,57,1531,19
18,281,1,3,160,286,176,164,85,45,1,89,27,199,738712,116,249,46,462,4
18,282,4,5,690,1025,338,480,126,25,5,288,41,940,1735918,329,606,30,1363,9
18,283,3,2,60,658,159,476,51,22,3,224,16,104,928266,240,527,25,817,5
18,284,2,4,155,326,138,172,49,14,3,147,14,212,684995,161,221,17,464,6
18,285,4.616135001182556,7.69355833530426,300.0487750768661,773.9719685316086,284.6616584062576,386.9859842658043,123.8662891983986,52.31619668006897,6.154846668243408,186.1841117143631,19.23389583826065,387.7553400993347,1499341.4209916,205.4180075526237,510.8522734642029,58.47104334831238,1058.633626937866,12.30969333648682
18,286,3,8,1740,863,505,553,193,115,4,395,68,1833,1324239,463,746,119,1368,11
18,287,3,5,190,523,240,295,85,34,5,155,23,379,1007475,178,380,39,763,8
18,288,5,6,130,618,270,354,110,39,6,243,31,225,1066471,274,464,45,888,11
18,289,2,2,130,862,124,388,63,32,4,173,12,216,659259,185,451,36,986,4
18,290,2.540481269359589,5.080962538719177,406.4770030975342,512.3303893208504,505.5557726025581,276.0656312704086,198.1575390100479,69.43982136249542,1.693654179573059,252.3544727563858,48.26914411783218,1091.560118734837,900199.2139474154,300.623616874218,474.2231702804565,71.13347554206848,1017.886161923409,7.621443808078766
18,291,5,8,181,704,333,360,126,32,6,171,40,315,1516871,211,486,38,1037,13
18,292,.6055726408958435,3.633435845375061,112.030938565731,160.4767498373985,170.7714847326279,75.09100747108459,68.42970842123032,20.58946979045868,1.211145281791687,70.85199898481369,18.77275186777115,160.4767498373985,574890.6974722147,89.62475085258484,143.5207158923149,21.80061507225037,331.2482345700264,4.239008486270905
18,293,1,5,200,303,258,169,112,46,2,96,18,274,1228084,114,281,48,561,6
18,294,1,3,185,476,155,290,61,13,2,188,17,270,886645,205,351,15,631,4
18,295,5,3,90,702,163,406,58,22,8,265,13,141,1041198,278,464,30,865,8
18,296,3,3,160,710,178,361,62,24,5,212,14,197,956959,226,423,29,888,6
18,297,10.98486518859863,6.865540742874146,322.6804149150848,1082.009221076965,432.5290668010712,576.7054224014282,184.6830459833145,82.38648891448975,17.16385185718536,314.4417660236359,42.5663526058197,535.5121779441833,1938146.271037817,357.0081186294556,761.3884683847427,99.55034077167511,1514.538287878036,17.85040593147278
18,298,5,4,75,604,206,322,79,34,10,184,24,119,771537,208,401,44,810,9
18,299,0,4,85,174,168,85,72,29,0,43,17,118,212112,60,157,29,342,4
18,300,3.126336932182312,3.126336932182312,59.40040171146393,575.8712629079819,128.8050816059113,362.0298167467117,58.149866938591,10.0042781829834,6.877941250801086,228.8478634357452,20.0085563659668,122.5524077415466,719538.9502894878,248.856419801712,420.1796836853027,16.88221943378448,704.6763445138931,6.252673864364624
18,301,3.710837602615356,3.09236466884613,284.497549533844,603.0111104249954,283.2606036663055,344.4894241094589,119.3652762174606,57.51798284053802,4.329310536384583,231.3088772296906,30.30517375469208,570.8505178689957,1181846.113868952,261.6140509843826,463.8547003269196,61.84729337692261,886.271714091301,6.803202271461487
18,302,2,10,335,414,552,243,209,76,3,235,69,600,1327204,304,452,79,966,12
18,612,1,2,30,261,72,138,31,6,1,84,9,52,481812,93,169,7,333,3
18,616,6,0,0,669,16,331,8,0,6,176,3,20,950075,179,339,6,685,6
18,617,7,2,60,800,119,429,56,10,11,346,9,104,831515,355,485,21,919,9
18,618,1,3,55,170,206,86,87,15,2,48,26,132,291484,74,173,17,376,4
18,705,2.289162218570709,1.907635182142258,175.5024367570877,371.9888605177402,174.7393826842308,212.5105592906475,73.63471803069115,35.48201438784599,2.670689254999161,142.6911116242409,18.69482478499413,352.1494546234608,729063.8291814923,161.385936409235,286.1452773213387,38.15270364284515,546.7282432019711,4.196797400712967
18,706,.4595186412334442,.9190372824668884,73.52298259735107,92.66959264874458,91.4442096054554,49.93435901403427,35.84245401620865,12.56017619371414,.3063457608222961,45.64551836252213,8.73085418343544,197.4398428499699,162826.7543719411,54.37637254595757,85.77681303024292,12.86652195453644,184.1138022542,1.378555923700333
18,707,1.383864998817444,2.30644166469574,89.95122492313385,232.0280314683914,85.33834159374237,116.0140157341957,37.13371080160141,15.68380331993103,1.845153331756592,55.8158882856369,5.766104161739349,116.2446599006653,449485.5790084004,61.58199244737625,153.1477265357971,17.52895665168762,317.3663730621338,3.690306663513184
18,708,1.8736632168293,1.8736632168293,35.5996011197567,345.128764539957,77.19492453336716,216.9702005088329,34.85013583302498,5.99572229385376,4.12205907702446,137.1521474719048,11.99144458770752,73.44759809970856,431231.0840061307,149.1435920596123,251.8203363418579,10.11778137087822,422.3236890733242,3.7473264336586
18,709,5.015134334564209,3.134458959102631,147.3195710778236,493.9907319545746,197.4709144234657,263.294552564621,84.31694599986076,37.61350750923157,7.836147397756577,143.5582203269005,19.43364554643631,244.4877988100052,884859.6448300481,162.9918658733368,347.6114985644817,45.44965490698814,691.4616463780403,8.14959329366684
18,710,.3944273591041565,2.366564154624939,72.96906143426895,104.5232501626015,111.2285152673721,48.90899252891541,44.57029157876968,13.41053020954132,.788854718208313,46.14800101518631,12.22724813222885,104.5232501626015,374443.3025277853,58.37524914741516,93.47928410768509,14.19938492774963,215.7517654299736,2.760991513729095
19,303,43,38,3093.27184677124,734,1555,323,701.1288814544678,312.1855673789978,20,3156,16762,4337.199752807617,10007170,19918,1024.12890625,332.1855773925781,2289,81
19,304,60,14,1405.663636207581,1331,136,543,141.3585755825043,67.609090924263,27,3145,3400,1508.745360374451,8140819,6545,684.3585815429688,94.60909271240234,1467,74
19,305,60,10,1278,1159,382,389,169,139,40,1577,261367,1426,3594541,262944,558,179,1541,70
19,306,95.17833995819092,31.44284445047379,3633.782091801171,1169.333890914917,2053.982568562031,430.8519496321678,983.3269556330777,334.950370094858,44.18994355201721,3044.00726544857,4171.700632631779,5550.277479716802,6554645.888094127,7215.707898080349,1414.17892147402,379.1403047320491,3223.316459476948,126.6211844086647
19,307,14,10,993,1217,132,261,76,53,12,919,2556,1195,3497052,3475,337,65,1349,24
19,308,21,8,960,426,144,84,89,66,7,683,36,1235,2818741,719,173,73,570,29
19,309,16.02829098701477,5.342763662338257,739.9727672338486,459.4776749610901,132.6786309480667,182.5444251298904,41.85164868831635,21.37105464935303,17.80921220779419,565.4424875974655,187.8871887922287,1199.450442194939,1381320.788642764,753.3296763896942,224.3960738182068,39.18026685714722,592.1563059091568,21.37105464935303
19,310,9,4,637,360,355,186,79,71,8,390,15,698,1675637,405,265,79,715,13
19,311,25,6,604,619,276,160,178,96,18,825,53,786,3006914,878,338,114,895,31
19,312,61,17,2058.95890045166,659,873,405,250.0765933990479,161.7428569793701,28,1735,1614,3022.701488494873,5518993,3349,655.0765991210938,189.7428588867188,1532,78
19,313,7,34,6763.438014984131,538,329,285,902.6956367492676,719.9008264541626,8,522,5040,8869.093765258789,4849969,5562,1187.695678710938,727.9008178710938,867,41
19,314,16.42655813694,13.26760464906693,1107.774789498479,535.7585115432739,178.7967674136162,94.13681393861771,78.98807299739036,61.78541383351119,6.317906975746155,543.3399999141693,182.5875115990639,1244.568325749673,2446697.295264661,725.9275115132332,173.1248803082599,68.10332276745567,714.5552789568901,29.69416278600693
19,315,0,48,15367,0,26,0,13,0,0,0,468,15480,4496694,468,13,0,26,48
19,316,18,9,685,697,158,218,101,67,22,1619,60,880,3938538,1679,319,89,855,27
19,317,54,17,319,1139,259,569,159,108,39,2736,148,499,5057644,2884,728,147,1398,71
19,318,106.3672775030136,12.27314740419388,1754.241868972778,1289.498687267303,122.7314740419388,760.9351390600204,77.72993355989456,68.72962546348572,72.00246477127075,2404.718681395054,965.4875957965851,2025.06932169199,4829827.151677608,3370.206277191639,838.665072619915,140.7320902347565,1412.230161309242,118.6404249072075
19,319,37,23,2193,1431,460,427,354,214,84,1437,20042,3036,7103478,21479,781,298,1891,60
19,320,39,16,1910,803,616,345,393,271,26,1188,4586,2959,5167331,5774,738,297,1419,55
19,321,95,10,614,1020,850,416,66,33,32,1139,50,774,2928962,1189,482,65,1870,105
19,664,9.57344263792038,7.732395976781845,645.6141520693262,312.2415137290955,104.2032410204411,54.86319050192833,46.03446319164519,36.00870677011333,3.682093322277069,316.6600257158279,106.4124970138073,725.3377960379368,1425941.820148975,423.0725227296352,100.8976498309039,39.69080123363369,416.4447547495365,17.30583861470222
19,702,1.971709415316582,.6572364717721939,91.02725134044886,56.52233657240868,16.32137238234282,22.45557945221663,5.148352362215519,2.628945887088776,2.190788239240646,69.55752659589052,23.11281592398882,147.5495879128575,169922.2460302189,92.67034251987934,27.60393181443214,4.819734126329422,72.84370895475149,2.628945887088776
19,703,23.63272249698639,2.726852595806122,389.7581310272217,286.5013127326965,27.26852595806122,169.0648609399796,17.27006644010544,15.27037453651428,15.99753522872925,534.2813186049461,214.5124042034149,449.9306783080101,1073092.848322392,748.7937228083611,186.334927380085,31.26790976524353,313.7698386907578,26.35957509279251
19,704,16.82166004180908,5.557155549526215,642.2285473895024,206.666109085083,363.0174314379692,76.14805036783218,173.7915555668735,59.19856617680949,7.810056447982788,537.9927345514297,737.2993673682213,980.9467253002881,1158457.111905873,1275.292101919651,249.9396087994173,67.00862104920088,569.6835405230522,22.3788155913353
20,322,17,25,1700,287,1684,179,382,267,17,199,305,2166,2062151,504,561,284,1971,42
20,323,48,2,60,707,85,554,20,14,58,436,122,90,1040688,558,574,72,792,50
20,324,21,6,221,171,98,99,32,23,4,616,1165,394,1488446,1781,131,27,269,27
20,325,22,28,1624,394,426,221,367,246,23,274,5204,2197,2683654,5478,588,269,820,50
20,326,35,10,186,731,171,238,134,50,38,442,97,304,1319452,539,372,88,902,45
20,327,9,37,1613,300,666,155,122,82,9,197,8649,3782,2291845,8846,277,91,966,46
20,328,30,4,63,496,68,304,40,7,33,432,571,328,1322275,1003,344,40,564,34
20,329,39,8,238,536,594,386,206,38,39,477,1681,499,2443340,2158,592,77,1130,47
20,330,32,4,100,424,65,264,13,11,33,315,6966,108,1310041,7281,277,44,489,36
20,331,41,2,100,777,39,377,12,10,42,403,861,117,1025146,1264,389,52,816,43
20,332,24,12,266,283,185,190,81,68,20,279,125,536,1733601,404,271,88,468,36
20,333,6,4,46,373,69,339,17,9,6,427,4482,200,790089,4909,356,15,442,10
20,334,39,5,110,753,110,477,54,8,52,522,389,243,715769,911,531,60,863,44
20,335,13,3,111,222,142,114,50,4,11,173,38,217,726382,211,164,15,364,16
20,336,22,3,125,276,45,143,15,6,24,187,47,233,461749,234,158,30,321,25
20,337,17,1,26,295,35,172,5,5,21,187,311,83,899268,498,177,26,330,18
20,338,40,6,142,409,184,338,37,17,41,309,160,187,1937655,469,375,58,593,46
20,339,57,24,3122,720,2288,400,527,499,59,692,159,3261,2914146,851,927,558,3008,81
20,340,17,6,165,206,123,110,44,23,16,479,197,270,1146148,676,154,39,329,23
20,341,27,11,193,417,58,271,84,32,34,534,132,343,1064470,666,355,66,475,38
20,342,18,1,92,361,56,145,12,8,19,422,21076,105,599578,21498,157,27,417,19
20,343,39,17,717,3737,322,424,96,58,39,1494,128,845,1501873,1622,520,97,4059,56
20,606,39,7,60,311,87,191,12,8,39,195,23,72,531525,218,203,47,398,46
20,607,5,33,1003,131,637,33,224,117,5,114,152,1479,949405,266,257,122,768,38
21,344,3,9,587,245,230,59,107,70,21,232,96,685,1271171,328,166,91,475,12
21,345,1,9,354,706,150,125,65,50,7,410,30,404,1643301,440,190,57,856,10
21,346,2,8,411,337,215,67,98,54,13,253,27,712,2317811,280,165,67,552,10
21,347,1,5,197,299,210,69,52,20,6,285,52,315,1481138,337,121,26,509,6
21,348,1,5,281,357,155,94,49,27,7,231,270,371,1505819,501,143,34,512,6
21,349,7,1,92,201,15,86,13,10,51,106,2,98,438187,108,99,61,216,8
21,350,6,16,2140,489,1918,137,374,257,39,600,302,2418,2614902,902,511,296,2407,22
21,351,0,3,80,104,132,37,64,13,0,82,11,109,310964,93,101,13,236,3
21,352,14,5,264,506,138,203,58,45,99,244,39,309,1191860,283,261,144,644,19
21,353,2,5,211,195,109,44,49,22,13,161,12874,310,574544,13035,93,35,304,7
21,354,6,32,1856,946,1525,288,281,160,42,642,17891,2303,3524484,18533,569,202,2471,38
21,355,1,5,354,233,782,37,86,81,7,278,6,364,1136282,284,123,88,1015,6
21,356,2,4,257,402,115,134,42,27,12,306,19,335,1826004,325,176,39,517,6
21,357,0,9,379,103,133,27,84,58,0,86,161205,491,579419,161291,111,58,236,9
21,358,8,6,287,497,171,156,76,51,57,374,26,429,1572587,400,232,108,668,14
21,359,5,5,298,470,207,229,59,46,39,336,18,364,722411,354,288,85,677,10
21,360,1,2,41,377,52,95,20,6,6,269,15,120,1439526,284,115,12,429,3
21,361,6,9,404,554,695,109,61,47,39,426,4906,437,1801039,5332,170,86,1249,15
21,362,4,13,2472,335,1874,95,469,312,26,260,638,3192,2250654,898,564,338,2209,17
21,363,3,16,412,480,366,133,106,69,19,340,8009,554,1377343,8349,239,88,846,19
21,364,0,4,151,203,63,52,20,17,0,152,76,161,611118,228,72,17,266,4
21,365,7,9,494,917,294,231,150,97,45,739,162,683,2516984,901,381,142,1211,16
21,366,12,7,246,529,123,154,39,16,79,376,15,365,1220901,391,193,95,652,19
21,367,2,8,334,301,279,102,77,42,13,210,28,530,957524,238,179,55,580,10
21,368,5,2,32,339,38,135,11,7,39,141,207,32,609762,348,146,46,377,7
21,369,4,11,592,368,200,104,91,43,28,328,36,803,1697616,364,195,71,568,15
21,370,0,6,207,367,203,89,49,33,0,282,30,264,960956,312,138,33,570,6
21,371,0,8,1124,259,988,62,145,106,0,250,56519,1208,1039191,56769,207,106,1247,8
21,372,2,4,211,158,278,50,24,18,14,149,11,235,608749,160,74,32,436,6
21,373,3,19,1320,605,1442,141,367,190,21,490,29944,2158,2092042,30434,508,211,2047,22
22,374,0,11.8387508392334,342.7318367958069,450.4644694328308,277.6187071800232,109.5084452629089,94.11806917190552,82.87125587463379,0,286.4977703094482,42.61950302124023,472.9580960273743,836383.4773526192,329.1172733306885,203.6265144348145,82.87125587463379,728.083176612854,11.8387508392334
22,375,0,7.360990047454834,192.1218402385712,412.9515416622162,195.0662362575531,88.33188056945801,109.678751707077,8.833188056945801,0,445.3398978710175,71.40160346031189,431.3540167808533,1691311.128035545,516.7415013313293,198.010632276535,8.833188056945801,608.0177779197693,7.360990047454834
22,376,0,4.607941210269928,195.5815047025681,121.8544453382492,210.4293152689934,16.38379096984863,38.39951008558273,27.1356537938118,0,67.58313775062561,15.87179750204086,355.3234666585922,273100.3876894712,83.45493525266647,54.78330105543137,27.1356537938118,332.2837606072426,4.607941210269928
22,377,0,7,510,318,646,56,150,83,0,247,166,584,799549,413,206,83,964,7
22,378,0,15.45214176177979,542.3701758384705,489.8328938484192,378.5774731636047,144.7350611686707,75.20042324066162,45.3262825012207,0,350.2485466003418,413.0872564315796,901.3749361038208,1317065.87842226,763.3358030319214,219.9354844093323,45.3262825012207,868.4103670120239,15.45214176177979
22,379,0,10,152,431,402,57,164,17,0,335,87,599,1619563,422,221,17,833,10
22,380,0,4,186,554,212,86,39,26,0,322,35,370,851669,357,125,26,766,4
22,381,0,6,320,534,266,122,75,31,0,294,48,552,748372,342,197,31,800,6
22,382,0,6,170,214,121,24,45,26,0,191,26,300,822200,217,69,26,335,6
22,383,0,4,160,331,209,48,47,33,0,316,26,215,841262,342,95,33,540,4
22,384,0,10,445,281,412,39,61,28,0,206,40,869,573106,246,100,28,693,10
22,385,0,6,204,419,221,88,55,26,0,310,40,402,1032361,350,143,26,640,6
22,386,0,17,847,557,351,92,64,43,0,449,102,1045,1493565,551,156,43,908,17
22,387,0,56.92562687397003,576.1724663972855,443.7006804943085,1223.102954983711,91.50661516189575,217.5942186117172,147.9002268314362,0,447.4247869253159,349.001974105835,784.722426533699,2161715.56753552,796.4267610311508,309.100833773613,147.9002268314362,1666.80363547802,56.92562687397003
22,388,0,6,400,704,315,107,69,25,0,417,103,590,1536284,520,176,25,1019,6
22,389,0,7.46811506152153,328.2414381802082,379.4513700306416,189.1922482252121,48.36493563652039,36.98495078086853,23.47121876478195,0,274.8977591693401,28.44996213912964,516.3668128252029,839188.8888424337,303.3477213084698,85.34988641738892,23.47121876478195,568.6436182558537,7.46811506152153
22,636,0,3,66,98,12,18,30,13,0,93,8,80,254069,101,48,13,110,3
22,637,0,1,100,74,54,11,3,3,0,76,3,118,138488,79,14,3,128,1
22,642,0,4.392058789730072,186.4184952974319,116.1455546617508,200.5706847310066,15.61620903015137,36.60048991441727,25.8643462061882,0,64.41686224937439,15.12820249795914,338.6765333414078,260305.6123105288,79.54506474733353,52.21669894456863,25.8643462061882,316.7162393927574,4.392058789730072
22,643,0,8.161249160766602,236.2681632041931,310.5355305671692,191.3812928199768,75.49155473709106,64.88193082809448,57.12874412536621,0,197.5022296905518,29.38049697875977,326.0419039726257,576575.5226473808,226.8827266693115,140.3734855651855,57.12874412536621,501.916823387146,8.161249160766602
22,644,0,34.33115246891975,347.4825992882252,267.5904781222343,737.6385002434254,55.18652546405792,131.228423923254,89.19682604074478,0,269.8364413678646,210.4788413047791,473.25654104352,1303704.33878234,480.3152826726437,186.4149493873119,89.19682604074478,1005.22897836566,34.33115246891975
22,645,0,15.74322225153446,159.3449504524469,122.7088538110256,338.258579030633,25.30686193704605,60.17736355960369,40.90295127034187,0,123.7387842386961,96.51919436454773,217.0210544019938,597839.1542294174,220.2579786032438,85.48422549664974,40.90295127034187,460.9674328416586,15.74322225153446
22,646,0,7.407003790140152,259.9858330339193,234.8020201474428,181.4715928584337,69.37893550097942,36.04741844534874,21.72721111774445,0,167.8920859098434,198.0139013230801,432.0752210915089,631337.2025532275,365.9059872329235,105.4263539463282,21.72721111774445,416.2736130058765,7.407003790140152
22,647,0,2.63901025056839,68.87816753983498,148.0484750568867,69.93377164006233,31.66812300682068,39.32125273346901,3.166812300682068,0,159.6601201593876,25.59839943051338,154.6460006833076,606356.9404402971,185.258519589901,70.98937574028969,3.166812300682068,217.982246696949,2.63901025056839
22,648,0,7.023231089115143,308.6877283453941,356.8470272421837,177.9218542575836,45.48378229141235,34.78171586990356,22.07301199436188,0,258.5217919945717,26.75516605377197,485.6062638759613,789197.4675276875,285.2769580483437,80.26549816131592,22.07301199436188,534.7688814997673,7.023231089115143
22,649,0,6.508653849363327,286.0708334743977,330.7016027271748,164.8858975172043,42.15128207206726,32.23333334922791,20.45576924085617,0,239.5804488360882,24.79487180709839,450.0269232988358,731374.6436298788,264.3753206431866,74.38461542129517,20.45576924085617,495.587500244379,6.508653849363327
22,650,0,7.140854895114899,250.6440068185329,226.3651001751423,174.950944930315,66.88600751757622,34.75216048955917,20.94650769233704,0,161.8593776226044,190.8988541960716,416.5498688817024,608651.9571276009,352.758231818676,101.6381680071354,20.94650769233704,401.3160451054573,7.140854895114899
23,390,0,1,100,178,121,180,51,19,0,134,30,235,749125,164,231,19,299,1
23,391,0,1,100,182,123,117,21,12,0,149,33,220,844446,182,138,12,305,1
23,392,16,1,300,288,349,184,69,26,6,304,86,586,1701036,390,253,32,637,17
23,393,0,2,308,899,378,524,59,30,0,315,102,517,1385824,417,583,30,1277,2
23,394,0,3,320,631,534,391,73,22,0,405,67,702,1574521,472,464,22,1165,3
23,395,10,1,300,524,224,242,70,12,11,209,126,559,1702863,335,312,23,748,11
23,396,1,15,1610,139,4672,112,549,240,2,85,1177,4233,2370708,1262,661,242,4811,16
23,397,6,1,200,125,192,221,22,12,2,202,73,436,757756,275,243,14,317,7
23,398,0,2,300,397,624,333,87,30,0,231,185,722,1762063,416,420,30,1021,2
23,399,11,1,400,430,770,257,151,30,12,317,177,1211,2089813,494,408,42,1200,12
23,400,0,1,175,195,118,186,62,26,0,222,129,422,1263392,351,248,26,313,1
23,401,0,2,236,201,221,156,49,19,0,152,42,399,786601,194,205,19,422,2
23,402,0,1,300,688,598,297,102,33,0,194,82,592,1563156,276,399,33,1286,1
23,403,0,2,151.8461542129517,1238,303,655,106.8461542129517,16.15384614467621,0,443,106,637.538459777832,2185067,549,761.8461303710938,16.15384674072266,1541,2
23,404,0,1,100,104,123,92,8,5,0,211,17,140,704171,228,100,5,227,1
23,405,1,1,400,203,132,170,63,47,0,217,33,694,1310029,250,233,47,335,2
23,406,0,1,270,296,241,225,56,34,0,223,118,422,1241162,341,281,34,537,1
23,407,0,6,468,935,709,574,107,48,0,589,242,1115,2031694,831,681,48,1644,6
23,408,0,1,100,85,141,98,21,11,0,125,17,190,569839,142,119,11,226,1
23,409,6,2,378,119,474,90,68,14,3,184,73,814,1241128,257,158,17,593,8
23,410,3,3,300,339,352,271,130,69,5,235,94,618,1282087,329,401,74,691,6
23,411,0,4,185,204,515,152,90,31,0,243,79,473,1380870,322,242,31,719,4
23,412,0,2,200,253,206,188,42,19,0,221,14,425,1024854,235,230,19,459,2
23,413,10,2,232,219,323,136,40,30,8,194,99,296,1291317,293,176,38,542,12
23,414,21,3,400,697,474,572,86,42,13,398,107,721,1872176,505,658,55,1171,24
23,415,1,1,300,227,329,189,59,29,1,333,39,507,1054469,372,248,30,556,2
23,416,17,3,599,641,242,448,54,26,28,209,101,1038,1340326,310,502,54,883,20
23,417,0,2,358,722,376,360,83,44,0,256,86,657,1965954,342,443,44,1098,2
23,418,0,1,200,126,276,129,58,18,0,327,49,443,1090823,376,187,18,402,1
23,419,17,1,200,365,188,266,35,15,23,141,118,455,825526,259,301,38,553,18
23,420,0,1,132,334,198,194,33,14,0,172,74,249,1016037,246,227,14,532,1
23,421,3,2,180,321,383,216,68,26,4,160,87,475,1330322,247,284,30,704,5
23,422,0,2,400,447,411,318,75,17,0,233,69,735,1545042,302,393,17,858,2
23,423,22,2,611,309,625,280,58,25,14,197,82,1009,1454637,279,338,39,934,24
23,424,8,2,1141,678,660,440,170,136,16,375,110,1491,2359742,485,610,152,1338,10
23,425,13,2,414,518,549,341,121,49,13,354,101,885,2377003,455,462,62,1067,15
23,426,0,1,220,754,415,486,76,25,0,322,143,596,2226608,465,562,25,1169,1
23,427,9,1,200,598,351,603,57,28,11,269,27,455,1310914,296,660,39,949,10
23,428,2,1,245,257,353,168,39,18,0,346,48,435,1378817,394,207,18,610,3
23,429,3,1,300,260,254,213,51,20,3,118,66,621,1045007,184,264,23,514,4
23,430,0,2.489362955093384,168.0319994688034,123.8458070158958,151.8511402606964,101.4415404200554,47.92023688554764,19.29256290197372,0,75.30322939157486,85.88302195072174,434.3938356637955,941285.3886687756,161.1862513422966,149.361777305603,19.29256290197372,275.6969472765923,2.489362955093384
23,431,8,1,100,409,71,270,28,20,10,132,34,160,687625,166,298,30,480,9
23,432,9,1,300,491,233,441,65,28,7,235,104,557,1725566,339,506,35,724,10
23,433,0,1,162,123,260,95,40,18,0,140,27,377,1126146,167,135,18,383,1
23,434,2.980053424835205,.7450133562088013,149.0026712417603,307.6905161142349,210.8387798070908,257.7746212482452,20.11536061763763,.7450133562088013,4.470080137252808,160.9228849411011,108.771950006485,303.2204359769821,1076266.409739852,269.6948349475861,277.8899818658829,5.215093493461609,518.5292959213257,3.725066781044006
23,435,7,1,777.7777786254883,221,614,181,110.6666660308838,52.22222232818604,2,138,64,1345.888885498047,1986588,202,291.6666564941406,54.22222137451172,835,8
23,436,0,1,100,351,324,253,47,10,0,114,18,241,644572,132,300,10,675,1
23,437,0,3,460,490,409,334,71,45,0,159,76,689,1457798,235,405,45,899,3
23,638,0,1,200,208,53,124,14,4,0,118,11,230,1177864,129,138,4,261,1
23,639,0,1,100,150,83,112,20,15,0,120,29,167,728862,149,132,15,233,1
23,667,0,1.510637044906616,101.9680005311966,75.15419298410416,92.14885973930359,61.55845957994461,29.07976311445236,11.70743709802628,0,45.69677060842514,52.11697804927826,263.6061643362045,571206.6113312244,97.8137486577034,90.63822269439697,11.70743709802628,167.3030527234077,1.510637044906616
23,722,1.019946455955505,.2549866139888763,50.99732279777527,105.3094715774059,72.16121175885201,88.22536844015121,6.884638577699661,.2549866139888763,1.529919683933258,55.07710862159729,37.22804564237595,103.7795518934727,368360.5472069085,92.30515426397324,95.11000701785088,1.784906297922134,177.4706833362579,1.274933069944382
24,438,2.985243022441864,9.950810074806213,42253.12973964214,329.3718134760857,2172.261839330196,84.58188563585281,614.960062623024,356.2390006780624,2.985243022441864,291.5587351918221,1434.906812787056,42881.02585536242,7123011.754610956,1726.465547978878,699.5419482588768,359.2242437005043,2501.633652806282,12.93605309724808
24,439,8,7,459,712,276,88,88,37,6,299,116,530,1514176,415,176,43,988,15
24,440,1,9,1151,633,868,57,540,434,1,331,146,1598,2092745,477,597,435,1501,10
24,441,0,8,731,324,241,205,107,40,0,522,186,899,3120453,708,312,40,565,8
24,442,7,5,385,365,192,65,103,39,5,283,103,527,1550967,386,168,44,557,12
24,443,2.813473641872406,8.440420925617218,1004.410090148449,573.01079839468,631.1559203267097,118.1658929586411,335.7411879301071,213.8239967823029,0,387.3215380311012,152.8654012084007,1355.156470835209,2701249.805245399,540.186939239502,453.9070808887482,213.8239967823029,1204.16671872139,11.25389456748962
24,444,0,1,150,22,65,11,18,9,0,55,6,157,228291,61,29,9,87,1
24,445,1,4,365,583,168,100,63,27,1,475,29,439,2127062,504,163,28,751,5
24,446,1,5,497,312,213,57,137,73,0,224,145,611,1391753,369,194,73,525,6
24,447,1.537358701229095,4.612076103687286,823.5118109583855,249.5645624995232,891.1555938124657,28.18490952253342,250.5894683003426,179.8709680438042,.5124529004096985,152.7109643220901,59.95698934793472,1052.578257441521,1106734.792409718,212.6679536700249,278.774377822876,180.3834209442139,1140.720156311989,6.149434804916382
24,448,1.672637343406677,5.017912030220032,444.3639875650406,344.00574696064,283.7908025979996,65.79040217399597,92.55259966850281,36.24047577381134,2.787728905677795,261.4889713525772,94.78278279304504,623.8937290906906,1529086.588683486,356.2717541456223,158.3430018424988,39.02820467948914,627.7965495586395,6.690549373626709
24,449,7,8,761,528,478,95,179,78,3,446,158,1169,2091978,604,274,81,1006,15
24,450,0,7.812723636627197,571.3054159283638,654.3156045675278,277.3516891002655,102.541997730732,126.956759095192,60.54860818386078,0,383.8000486493111,132.8163018226624,779.3191827535629,2246034.995133042,516.6163504719734,229.4987568259239,60.54860818386078,931.6672936677933,7.812723636627197
24,451,0,7,775,434,419,84,182,86,0,352,158,1049,2035064,510,266,86,853,7
24,452,0,4,176,195,117,26,37,14,0,153,26,249,590254,179,63,14,312,4
24,453,0,6,796,980,165,134,119,52,0,356,111,960,1329672,467,253,52,1145,6
24,454,4.833933413028717,4.833933413028717,402.1832599639893,573.3045027852058,205.9255633950233,141.1508556604385,85.07722806930542,36.73789393901825,1.933573365211487,636.1456371545792,87.97758811712265,497.8951415419579,2311314.324265838,724.1232252717018,226.228083729744,38.67146730422974,779.2300661802292,9.667866826057434
24,455,0,5,345,209,128,73,69,23,0,256,87,428,1343734,343,142,23,337,5
24,456,1,3,126,197,70,34,51,18,0,106,27,184,585100,133,85,18,267,4
24,457,6,11,1559,472,1090,115,549,442,7,406,619,1798,3804558,1025,664,449,1562,17
24,458,14.46389257907867,3.471334218978882,274.8139590024948,417.138661980629,119.7610305547714,124.9680318832397,61.90546023845673,13.88533687591553,13.30678117275238,339.0336420536041,60.74834883213043,431.6025545597076,1404965.826672792,399.7819908857346,186.8734921216965,27.19211804866791,536.8996925354004,17.93522679805756
24,459,1,6,2211,561,849,74,453,328,2,426,624,2697,6047446,1050,527,330,1410,7
24,460,0,8,479,299,211,124,91,38,0,275,129,634,1756268,404,215,38,510,8
24,461,8.193296015262604,8.938141107559204,3220.7101790905,437.2240691781044,1538.849960684776,101.2989325523376,660.6775968670845,455.8451964855194,5.213915646076202,510.9637333154678,326.2421504259109,3625.90590929985,3102530.822211444,837.2058837413788,761.9765294194221,461.0591121315956,1976.074029862881,17.13143712282181
24,462,0,10,1956,554,1089,58,401,330,0,373,133,2127,1705678,506,459,330,1643,10
24,641,12,2,210,365,72,63,45,19,2,330,39,254,807022,369,108,21,437,14
24,668,2.806704312562943,3.061859250068665,1103.289949774742,149.7759483158588,527.1501008868217,34.7010715007782,226.3224295675755,156.1548217535019,1.786084562540054,175.0362871289253,111.7578626275063,1242.094235777855,1062806.301925272,286.7941497564316,261.0235010683537,157.9409063160419,676.9260492026806,5.868563562631607
24,669,.1660664938390255,.3533427529036999,27.51130873151124,35.3798728659749,13.72273983433843,7.307142520323396,5.966009501367807,2.71349636092782,.0664265975356102,31.05429681576788,6.206106591969728,35.7856557071209,133242.6060835831,37.26040340773761,13.2731520216912,2.77992295846343,49.10261270031333,.5194092467427254
24,672,10.53610742092133,2.528665781021118,200.1860409975052,303.861338019371,87.23896944522858,91.03196811676025,45.09453976154327,10.11466312408447,9.69321882724762,246.9663579463959,44.25165116786957,314.3974454402924,1023436.173327208,291.2180091142654,136.1265078783035,19.80788195133209,391.1003074645996,13.06477320194244
24,673,.6678639203310013,2.003591760993004,357.7524399906397,108.4165764003992,387.1384524852037,12.24417187273502,108.8618190139532,78.14007867872715,.2226213067770004,66.34114941954613,26.04669289290905,457.2641641199589,480791.0064414591,92.38784231245518,121.1059908866882,78.36269998550415,495.555028885603,2.671455681324005
24,674,.7947773337364197,2.384332001209259,425.7357251048088,129.0188538432121,460.7059277892113,14.57091778516769,129.5487053990364,92.9889480471611,.2649257779121399,78.94788181781769,30.99631601572037,544.1575478315353,572155.1689670682,109.9441978335381,144.1196231842041,93.25387382507324,589.7247816324234,3.179109334945679
24,675,1.327362656593323,3.982087969779968,352.6360124349594,272.99425303936,225.2091974020004,52.20959782600403,73.44740033149719,28.75952422618866,2.212271094322205,207.5110286474228,75.21721720695496,495.1062709093094,1213444.411316514,282.7282458543777,125.6569981575012,30.97179532051086,498.2034504413605,5.309450626373291
24,676,.2012832630425692,.6087687686085701,275.4596045985818,39.61737698502839,52.58220435865223,8.252218889072537,25.2987373881042,15.9369953237474,.0147569384425879,27.11971834115684,17.22776538133621,301.8170957844704,214297.3146207761,44.34748372249305,33.55095627717674,15.95175226218998,92.19958134368062,.8100520316511393
25,463,0,2,142,27,83,0,20,15,0,12,22,213,191173,34,20,15,110,2
25,464,0,1,40,13,62,3,8,2,0,6,4,70,52074,10,11,2,75,1
26,465,0,1,231,152,287,26,50,41,0,47,35,233,343709,82,76,41,439,1
27,466,104,104,3331,2559,1472,904,767,587,104,1325,454,4645,4543159,1779,1671,691,4031,208
27,467,29,6,1007,821,499,284,253,208,29,380,242,1258,1813394,622,537,237,1320,35
27,468,55,14,1163,1576,856,520,200,110,55,710,304,1791,2887174,1014,720,165,2432,69
27,469,56,13,1418,1482,694,452,173,58,56,622,342,2034,3700998,964,625,114,2176,69
27,470,53,18,1348,1265,647,457,298,252,53,621,265,1675,2585042,886,755,305,1912,71
27,471,34,6,712,955,507,265,108,57,34,377,123,1075,1199964,500,373,91,1462,40
27,472,53,14,918,1338,840,450,140,66,53,593,224,1568,2585690,817,590,119,2178,67
27,473,54,23,1063,1582,588,468,143,72,54,632,186,1601,2203710,818,611,126,2170,77
27,474,45,8,800,1298,373,414,208,159,45,534,78,1210,2050819,612,622,204,1671,53
27,475,41,9,412,1517,229,432,77,43,41,659,28,672,1070868,687,509,84,1746,50
27,476,41,5,526,1237,352,391,97,34,41,495,162,863,1322318,657,488,75,1589,46
27,477,26,3,180,677,101,216,117,104,26,304,46,265,1177156,350,333,130,778,29
27,478,85,18,896,2370,605,720,179,93,85,951,991,1602,4229866,1942,899,178,2975,103
27,479,47,5,750,1209,396,370,127,84,47,482,157,1040,1959009,639,497,131,1605,52
27,480,85,17,1703,2248,1139,723,232,123,85,1024,540,2228,3875942,1564,955,208,3387,102
27,481,54,6,346,1181,389,429,185,90,54,582,205,871,2454134,787,614,144,1570,60
27,482,0,19,9645,0,3653,0,2068,1892,0,0,435,10943,3085411,435,2068,1892,3653,19
27,483,0,17,2176,0,1874,0,586,131,0,0,792,8831,9356962,792,586,131,1874,17
27,484,41,31,4507,1343,3166,367,410,242,41,535,786,5392,4651554,1321,777,283,4509,72
27,485,63,18,983,1732,895,536,279,136,63,734,358,1995,3361128,1092,815,199,2627,81
27,486,58,8,431,1544,376,515,127,63,58,627,151,782,1648191,778,642,121,1920,66
27,487,113,24,1835,3195,1723,943,321,182,113,1280,818,2980,6107161,2098,1264,295,4918,137
27,488,49,8,640,1073,346,408,155,84,49,532,82,1039,1657553,614,563,133,1419,57
27,489,31,10,709,841,561,236,131,55,31,392,220,1120,1836083,612,367,86,1402,41
27,490,103,38,3004,2568,2052,967,436,118,103,1383,1054,5535,9428885,2437,1403,221,4620,141
27,491,31,17,615.3095235824585,1113,458,348,156.7380952835083,73.71428573131561,31,502,184,1220.166667938232,2633761,686,504.7380981445313,104.7142868041992,1571,48
27,492,44,8,502,1813,548,477,89,44,44,688,86,1045,1614629,774,566,88,2361,52
27,493,65,7,553,1749,876,560,98,43,65,892,416,932,2822143,1308,658,108,2625,72
27,494,68,14,831,1824,627,688,164,65,68,935,345,1534,3003325,1280,852,133,2451,82
27,495,29,5,290,1041,184,288,65,30,29,414,46,502,849592,460,353,59,1225,34
27,496,81,30,1489,1944,960,695,248,86,81,1029,438,3181,4317749,1467,943,167,2904,111
27,497,41.92166113853455,19.51525604724884,1488.218970417976,1331.374134778976,1762.878129601479,385.9683973789215,451.019250869751,195.1525604724884,41.92166113853455,620.8742572069168,896.9789909124374,2675.758440256119,7994044.453656197,1517.853248119354,836.9876482486725,237.0742216110229,3094.252264380455,61.43691718578339
27,498,26,10,553,836,485,233,121,73,26,347,125,829,1299452,472,354,99,1321,36
27,499,28,4,290,749,117,248,37,9,28,322,54,380,1197060,376,285,37,866,32
27,500,65,15,1152,1902,653,553,261,164,65,796,231,1727,2771530,1027,814,229,2555,80
27,665,16.07833886146545,7.48474395275116,570.7810295820236,510.6258652210236,676.1218703985214,148.0316026210785,172.980749130249,74.8474395275116,16.07833886146545,238.1257427930832,344.0210090875626,1026.241559743881,3065979.546343803,582.1467518806458,321.0123517513275,90.92577838897705,1186.747735619545,23.56308281421661
28,502,17,4,1012.5,2477,446,355,166.25,99,30,1012,525,1795,4074791,1537,521.25,129,2923,21
28,503,14,9,1530,2792,637,171,240,141,16,1147,181,2480,4169197,1328,411,157,3429,23
28,504,0,6,630,1558,324,165,117,63,0,920,98,1255,2814478,1018,282,63,1882,6
28,505,0,5,750,2750,424,230,136,77,0,1436,115,1280,5046996,1551,366,77,3174,5
28,506,0,10,1807.5,1585,623,212,236,136.0714282989502,0,940,302,2738.214263916016,4887780,1242,448,136.0714263916016,2208,10
28,510,0,7,1010,2304,459,174,146,89,0,1148,249,1550,4395878,1397,320,89,2763,7
28,511,0,5,1570,1490,711,191,205,139,0,734,174,2310,3740571,908,396,139,2201,5
28,515,0,3,800,3930,379,156,132,87,0,1661,184,1265,2962669,1845,288,87,4309,3
28,517,0,5,850,1679,309,149,131,79,0,796,209,1260,3389993,1005,280,79,1988,5
28,519,4,3,450,3150,196,132,74,43,13,1266,85,690,2699757,1351,206,56,3346,7
28,520,0,11,2574,8538,1500,787,390,300,0,3197,142,3470,3530251,3339,1177,300,10038,11
28,521,2,3,350,1750,249,121,92,41,2,789,363,793,2343449,1152,213,43,1999,5
28,523,0,3,592.3076934814453,3178,341,120,118.1538467407227,59.23076915740967,0,1451,91,1236.923080444336,3936747,1542,238.1538391113281,59.23077011108398,3519,3
29,524,0,13,950,1040,699,410,277,51,0,354,109,2330,1889696,463,687,51,1739,13
29,525,0,22,7188,507,4572,105,693,293,0,183,340,15569,9569111,523,798,293,5079,22
29,526,0,5,430,1419,328,136,125,32,0,288,62,1042,989708,350,261,32,1747,5
29,527,0,14,2020,2751,1974,1152,512,204,0,1149,167,4420,4779515,1316,1664,204,4725,14
29,528,0,11,1988,1316,841,248,334,99,0,448,99,5416,2452370,547,582,99,2157,11
29,529,0,6,1830,1219,267,498,185,65,0,404,85,3867,1703300,489,683,65,1486,6
29,530,0,6,830,1712,563,357,115,36,0,469,47,1861,2177331,516,472,36,2275,6
29,531,0,4,600,848,426,230,166,41,0,369,67,1476,1020147,436,396,41,1274,4
29,532,0,9,1100,1510,1040,364,371,81,0,544,131,3076,1136715,675,735,81,2550,9
29,533,0,8,1010,1564,691,305,182,54,0,430,74,2283,1658661,504,487,54,2255,8
29,534,0,10,1485,1567,1283,217,430,111,0,530,241,3709,2089649,771,647,111,2850,10
29,535,0,6,1450,1378,1138,309,424,95,0,492,166,3738,1945129,658,733,95,2516,6
29,536,0,3,300,1076,220,126,93,38,0,257,28,666,903118,285,219,38,1296,3
29,537,0,7,760,830,444,141,168,41,0,266,89,1925,1064512,355,309,41,1274,7
29,538,0,10,1540,1578,1784,387,330,96,0,500,200,3598,2566267,700,717,96,3362,10
29,539,0,8,1950,2368,638,451,320,125,0,740,68,4130,1773427,808,771,125,3006,8
29,540,0,8,810,1469,370,245,124,43,0,442,55,1700,1597668,497,369,43,1839,8
29,541,0,5,820,781,531,149,128,39,0,307,37,1742,554344,344,277,39,1312,5
29,542,0,8,1105,934,408,190,148,72,0,320,110,1476,1534932,430,338,72,1342,8
29,543,0,5,430,961,197,221,85,25,0,281,38,974,1389785,319,306,25,1158,5
29,544,0,8,1630,1793,899,448,459,192,0,681,57,3541,1804889,738,907,192,2692,8
29,545,0,40,2394,1850,1621,443,872,279,0,705,256,5903,3000439,961,1315,279,3471,40
29,546,0,7,1630,1227,419,262,224,43,0,338,68,2605,1928578,406,486,43,1646,7
29,547,0,8,1680,1668,813,344,268,69,0,501,151,3871,1750801,652,612,69,2481,8
29,548,0,10,1300,2014,684,508,293,106,0,707,90,2936,2675086,797,801,106,2698,10
29,549,0,4,480,1111,438,259,180,39,0,421,118,1430,1177361,539,439,39,1549,4
29,550,0,10,1300,1485,814,263,382,142,0,502,82,2940,1382988,584,645,142,2299,10
29,630,0,6,660,902,312,175,156,56,0,290,56,1486,1253838,346,331,56,1214,6
29,631,0,6,460,877,317,205,124,49,0,365,45,975,1082016,410,329,49,1194,6
29,635,0,5,336,639,111,164,57,22,0,227,19,476,1174044,246,221,22,750,5
30,551,0,5,1762,470,968,247,385,265,0,101,134,2200,817934,235,632,265,1438,5
30,552,3,8,544,234,604,100,185,120,19,82,97,782,640364,179,285,139,838,11
31,553,0,2,70,37,148,6,24,10,0,11,16,150,64417,27,30,10,185,2
32,554,5,8,2141,1085,965,313,452,285,13,352,229,2465,2127789,581,765,298,2050,13
32,555,4,20,3152,1163,1268,351,485,173,11,329,400,4015,3282388,729,836,184,2431,24
32,556,2,1,144,1247,112,380,63,11,7,418,46,329,1108974,464,443,18,1359,3
32,557,1,5,1566,620,721,246,345,113,3,229,213,2023,2523003,442,591,116,1341,6
32,558,0,3,612,672,688,268,203,38,0,248,132,1835,1307375,380,471,38,1360,3
32,559,0,11,1696,1127,849,350,217,90,0,445,243,2000,2635375,688,567,90,1976,11
32,560,0,6,2847,1205,487,446,191,100,0,515,133,3158,1974551,648,637,100,1692,6
32,561,0,12,4536,624,1134,199,481,312,0,264,181,5022,3086293,445,680,312,1758,12
32,562,0,9,1278,1499,785,519,256,95,0,492,231,1466,4112920,723,775,95,2284,9
32,563,6,11,1539,1840,777,692,236,117,27,615,103,1934,2809934,718,928,144,2617,17
32,564,5,4,607,1195,263,422,74,47,30,392,50,652,1197412,442,496,77,1458,9
32,565,0,18,7175,1115,1240,359,526,301,0,409,286,10541,3301427,695,885,301,2355,18
32,566,4,30,6379,1067,1635,477,506,222,235,284,361,6898,3121200,645,983,457,2702,34
32,567,2,1,43,872,34,278,16,5,33,254,13,143,817420,267,294,38,906,3
33,568,0,69,4520,0,3894,0,1235,800,0,0,2155,6348,4646732,2155,1235,800,3894,69
33,569,0,16,1108.840579986572,983,1835,260,572.2753629684448,201.8840579986572,0,403,550,2548.594207763672,3457991,953,832.275390625,201.8840637207031,2818,16
33,570,0,9,739,1463,955,412,375,220,0,626,236,1327,2605914,862,787,220,2418,9
33,571,0,4,88,1085,276,266,80,12,0,486,115,320,1506757,601,346,12,1361,4
33,572,1,12,739,1593,970,433,304,107,3,732,219,1617,2159734,951,737,110,2563,13
33,573,0,15,1307,1220,1607,345,493,224,0,523,516,2429,2251744,1039,838,224,2827,15
33,574,0,9.235775947570801,647.0815523266792,734.8214238286018,1167.17118537426,188.1789349317551,400.6017817258835,160.4716070890427,0,351.5367220044136,286.886290371418,1495.041231513023,2158657.131729841,638.4230123758316,588.7807166576385,160.4716070890427,1901.992609202862,9.235775947570801
33,575,0,11,656,886,1372,280,411,73,0,277,474,2113,1870352,751,691,73,2258,11
33,576,1,6,330,876,523,250,152,65,5,334,152,646,1064493,486,402,70,1399,7
33,577,0,5,414,1341,439,329,200,138,0,571,102,897,1879692,673,529,138,1780,5
33,578,0,13,2779,1192,2033,320,559,311,0,529,414,3708,3038035,943,879,311,3225,13
33,579,0,12,471,1203,602,318,183,81,0,601,159,835,1616442,760,501,81,1805,12
33,580,0,8,464,1389,865,419,252,73,0,568,285,1145,1726601,853,671,73,2254,8
33,581,2,5,93,690,284,223,68,33,7,227,30,191,565135,257,291,40,974,7
33,582,0,10,838,1358,726,350,176,91,0,517,155,1168,1617842,672,526,91,2084,10
33,583,2,8,533,1033,688,280,153,57,7,450,162,822,1353404,612,433,64,1721,10
33,584,0,13,1273,2113,1899,589,473,154,0,851,439,2605,3481835,1290,1062,154,4012,13
33,585,0,12,714,1113,810,291,201,92,0,511,182,1130,1338939,693,492,92,1923,12
33,586,0,15,2089,1583,1512,482,349,183,0,562,298,2776,2405728,860,831,183,3095,15
33,587,0,8,1204,698,645,169,226,99,0,222,139,1701,735394,361,395,99,1343,8
33,588,0,8,711,991,1102,297,259,93,0,352,289,1303,1245857,641,556,93,2093,8
33,589,0,13,1523,1408,1418,396,467,200,0,632,374,2419,3663295,1006,863,200,2826,13
33,590,0,9,447,1135,424,277,124,51,0,413,135,755,1264250,548,401,51,1559,9
33,591,0,13,1260,1561,1623,339,293,114,0,743,288,1944,2722267,1031,632,114,3184,13
33,592,0,11.28070592880249,696.8969440460205,1270.959534645081,1158.779181241989,339.6745896339417,444.9611783027649,71.44447088241577,0,471.9095313549042,243.7885892391205,1613.140947818756,1928481.801352501,715.6981205940247,784.6357679367065,71.44447088241577,2429.73871588707,11.28070592880249
33,593,1,6,601,2050,642,675,175,64,5,779,182,1130,2464774,961,850,69,2692,7
33,594,0,9,1783,1001,1177,283,459,273,0,440,235,2462,1750145,675,742,273,2178,9
33,595,0,9.924973845481873,589.0471977293491,886.3001644015312,839.1565386354923,222.815662831068,241.6731131374836,85.8510237634182,0,408.9089224338531,290.8017336726189,1197.944343149662,1953369.336186439,699.710656106472,464.4887759685516,85.8510237634182,1725.456703037024,9.924973845481873
33,596,0,6.1171954870224,269.1566014289856,1491.983979284763,516.2912991046906,341.9512277245522,143.1423743963242,61.78367441892624,0,679.6204186081886,126.6259465813637,582.9687299132347,2115705.465532541,806.2463651895523,485.0936021208763,61.78367441892624,2008.275278389454,6.1171954870224
33,597,0,8,878,995,1024,269,275,105,0,415,359,1600,1942014,774,544,105,2019,8
33,610,0,3,157,936,153,239,44,17,0,309,37,235,754894,346,283,17,1089,3
33,634,0,8,1166,1063,1210,309,297,79,0,430,368,2101,2478983,798,606,79,2273,8
33,729,0,3.882804214954376,170.8433854579926,947.0159480273724,327.7086757421494,217.0487556159496,90.8576186299324,39.2163225710392,0,431.3795482814312,80.37404724955559,370.0312416851521,1342914.43139255,511.7535955309868,307.906374245882,39.2163225710392,1274.724623769522,3.882804214954376
33,730,0,6.764224529266357,473.9184810817242,538.1786141097546,854.8288748860359,137.821074783802,293.3982389569283,117.528401196003,0,257.4632961452007,210.1137244403362,1094.958845674992,1580986.979720235,467.577020585537,431.2193137407303,117.528401196003,1393.00748899579,6.764224529266357
33,731,0,4.396965205669403,260.9598849564791,392.6489928662777,371.763408139348,98.7118688672781,107.06610275805,38.03374902904034,0,181.1549664735794,128.8310805261135,530.713700324297,865382.3313542753,309.9860469996929,205.7779716253281,38.03374902904034,764.4124010056257,4.396965205669403
33,732,0,5.678061246871948,336.9929350018501,507.050869345665,480.0800784230232,127.4724749922752,138.2607913613319,49.11522978544235,0,233.9361233711243,166.3671945333481,685.3419924974442,1117519.391114295,400.3033179044724,265.7332663536072,49.11522978544235,987.1309477686882,5.678061246871948
33,733,0,6.719294607639313,415.103089094162,757.0405257940292,690.220873862505,202.3254265189171,265.038842856884,42.55553251504898,0,281.0904910862446,145.2114223539829,960.8591288924217,1148690.290354371,426.3019134402275,467.3642693758011,42.55553251504898,1447.261399656534,6.719294607639313
34,598,0,1,506,497,513,140,75,36,0,34,17,774,200222,51,215,36,1010,1
34,599,0,2,201,0,216,0,38,25,0,0,12,242,41816,12,38,25,216,2
34,600,0,9,3038,1029,3451,225,688,406,0,89,123,3758,950289,212,913,406,4480,9
34,601,0,1,100,0,89,0,32,22,0,0,14,111,55626,14,32,22,89,1
35,602,3,3,497,205,49,39,3,3,5,68,17,528,237952,85,42,8,254,6
35,603,1,0,0,79,0,13,0,0,0,42,0,0,36320,42,13,0,79,1
35,632,0,0,0,193,0,35,0,0,0,64,0,0,104684,64,35,0,193,0
36,501,.2586319446563721,3.879479169845581,239.4931807518005,301.5648474693298,92.5902361869812,36.98436808586121,39.57068753242493,29.74267363548279,.5172638893127441,242.3381321430206,25.60456252098083,335.9628961086273,708799.9830946922,267.9426946640015,76.55505561828613,30.25993752479553,394.155083656311,4.138111114501953
36,507,0,19,7427,0,3845,0,1615,1220,0,0,1422,10943,496057,1422,1615,1220,3845,19
36,508,0,2.767180860042572,245.3567029237747,571.5765798687935,82.4004967212677,56.57347536087036,35.66588664054871,21.82998234033585,0,344.0528202652931,41.20024836063385,352.9692919254303,1157481.314766347,385.253068625927,92.23936200141907,21.82998234033585,653.9770765900612,2.767180860042572
36,509,2.333272933959961,1.749954700469971,262.4932050704956,1022.556863307953,125.9967384338379,119.580237865448,51.33200454711914,31.49918460845947,7.583137035369873,467.2379050254822,36.74904870986938,414.1559457778931,1624400.700575352,503.9869537353516,170.9122424125671,39.08232164382935,1148.553601741791,4.083227634429932
36,512,0,2.956549108028412,228.4606128931046,688.607164978981,108.3172082304955,47.03600853681564,34.13470333814621,21.50217533111572,0,359.8926596045494,20.69584375619888,365.5369806289673,1089315.791351438,380.5885033607483,81.17071187496185,21.50217533111572,796.9243732094765,2.956549108028412
36,513,0,2.930669784545898,263.0276131629944,464.1448271274567,175.1075196266174,55.31639218330383,56.78172707557678,27.84136295318604,0,242.1465909481049,53.48472356796265,534.8472356796265,1077541.706041098,295.6313145160675,112.0981192588806,27.84136295318604,639.2523467540741,2.930669784545898
36,514,1.391663432121277,1.855551242828369,255.1382958889008,1187.088907599449,141.4857822656631,55.20264947414398,50.56377136707306,25.04994177818298,2.783326864242554,492.648854970932,33.39992237091064,468.5266888141632,1618365.869101644,526.0487773418427,105.766420841217,27.83326864242554,1328.574689865112,3.247214674949646
36,516,0,3.086185157299042,222.205331325531,731.4258822798729,96.90621393918991,70.98225861787796,39.50317001342773,22.2205331325531,0,390.0938038825989,23.45500719547272,364.7870855927467,1574721.655852616,413.5488110780716,110.4854286313057,22.2205331325531,828.3320962190628,3.086185157299042
36,518,.8340244889259338,4.170122444629669,313.5932078361511,437.4458444416523,149.2903835177422,30.44189384579659,55.4626285135746,31.69293057918549,1.251036733388901,297.3297303020954,97.99787744879723,570.0557381808758,1092974.080296636,395.3276077508926,85.90452235937119,32.94396731257439,586.7362279593945,5.004146933555603
36,522,4.848640412092209,.9324308484792709,93.12653099186718,488.2207922637463,48.11343178153038,40.2810126543045,13.2987949764356,9.312653099186718,4.848640412092209,211.8482887744904,24.05671589076519,197.5587860215455,647035.0251831114,235.9050046652555,53.57980763074011,14.16129351127893,536.3342240452766,5.78107126057148
36,680,.2587946653366089,3.881919980049133,239.6438601016998,301.754579782486,92.64849019050598,37.00763714313507,39.59558379650116,29.76138651371002,.5175893306732178,242.4906014204025,25.62067186832428,336.1742702722549,709245.9311602116,268.1112732887268,76.60322093963623,30.27897584438324,394.4030699729919,4.140714645385742
36,681,0,2.655482143163681,235.4527500271797,548.5045893490314,79.07435715198517,54.28985714912415,34.22621428966522,20.94880357384682,0,330.1649464666843,39.53717857599258,338.7215000391006,1110758.970181793,369.7021250426769,88.51607143878937,20.94880357384682,627.5789465010166,2.655482143163681
36,682,0,2.08971856534481,185.2883794605732,431.6429792195559,62.22717505693436,42.72313511371613,26.93415039777756,16.4855575710535,0,259.8216749578714,31.11358752846718,266.5552125573158,874106.2889795154,290.9352624863386,69.65728551149368,16.4855575710535,493.8701542764902,2.08971856534481
36,683,0,1.487618431448936,131.9021675884724,307.2758515626192,44.29797106981277,30.41353237628937,19.17374867200851,11.73565651476383,0,184.9605583101511,22.14898553490639,189.7539954781532,622254.4260723442,207.1095438450575,49.58728104829788,11.73565651476383,351.573822632432,1.487618431448936
36,684,.2944059371948242,4.416089057922363,272.6198978424072,343.277322769165,105.3973255157471,42.10004901885986,45.04410839080811,33.85668277740479,.5888118743896484,275.8583631515503,29.1461877822876,382.4333124160767,806841.2569217682,305.0045509338379,87.14415740966797,34.44549465179443,448.6746482849121,4.710494995117188
36,685,0,1.913814693689346,137.7946579456329,453.5740824043751,60.09378138184547,44.01773795485497,24.49682807922363,13.77946579456329,0,241.9061772823334,14.54499167203903,226.2128967940807,976521.2681144178,256.4511689543724,68.5145660340786,13.77946579456329,513.6678637862206,1.913814693689346
36,686,7.397367358207703,1.422570645809174,142.0792432501912,744.8579901456833,73.40464532375336,61.4550518989563,20.28941383585334,14.20792432501912,7.397367358207703,323.2080507278442,36.70232266187668,301.4071555808187,987154.20573771,359.9103733897209,81.74446573480964,21.60529168322682,818.2626354694366,8.819938004016876
36,687,2.836332842707634,.5454486235976219,54.47668128181249,285.5968993157148,28.14514897763729,23.56338053941727,7.779460994061083,5.447668128181249,2.836332842707634,123.9259272813797,14.07257448881865,115.5669271247461,378499.2361430079,137.9985017701983,31.34284153347835,8.284000970888883,313.7420482933521,3.381781466305256
36,688,5.271290332078934,1.013709679245949,101.2442542146891,530.7783880531788,52.30741944909096,43.79225814342499,14.45803430024534,10.12442542146891,5.271290332078934,230.3148391246796,26.15370972454548,214.7797382902354,703436.2590094507,256.468548849225,58.25029244367033,15.39571575354785,583.0858075022697,6.285000011324883
36,689,3.640948444604874,.7001823931932449,69.93071652017534,366.615501075983,36.12941148877144,30.24787938594818,9.986351382918656,6.993071652017534,3.640948444604874,159.0814397335052,18.06470574438572,148.3511445578188,485872.5267953575,177.146145477891,40.23423076886684,10.63402009662241,402.7449125647545,4.341130837798119
36,690,1.666727066040039,1.250045299530029,187.5067949295044,730.4431366920471,90.00326156616211,85.419762134552,36.66799545288086,22.50081539154053,5.416862964630127,333.7620949745178,26.25095129013062,295.8440542221069,1160358.299424648,360.0130462646484,122.0877575874329,27.91767835617065,820.4463982582092,2.916772365570068
36,691,0,4.633877754211426,415.8905284404755,733.8903893232346,276.8741958141327,87.46444261074066,89.78138148784637,44.02183866500854,0,382.8741494417191,84.56826901435852,845.6826901435852,1703773.167208791,467.4424184560776,177.245824098587,44.02183866500854,1010.764585137367,4.633877754211426
36,692,0,.4354521632194519,39.08183164894581,68.9647363498807,26.01826675236225,8.219159580767155,8.436885662376881,4.136795550584793,0,35.97923498600721,7.947001978754997,79.47001978754997,160106.0171736404,43.92623696476221,16.65604524314404,4.136795550584793,94.98300310224295,.4354521632194519
36,693,0,1.82737024128437,141.205882281065,425.6111416518688,66.94820065796375,29.07179929316044,21.097820058465,13.28996539115906,0,222.4407957345247,12.79159168899059,225.929411649704,673279.2819410264,235.2323874235153,50.16961935162544,13.28996539115906,492.5593423098326,1.82737024128437
36,694,0,2.612585201859474,201.8815837800503,608.4948442876339,95.71562148630619,41.563855484128,30.16348369419575,19.00061964988708,0,318.0228713899851,18.28809641301632,323.0105340480804,962585.1669125259,336.3109678030014,71.72733917832375,19.00061964988708,704.2104657739401,2.612585201859474
36,695,0,1.867757201194763,144.3266928195953,435.0176317691803,68.42783200740814,29.71431910991669,21.56410586833954,13.58368873596191,0,227.3569902181625,13.07430040836334,230.9227085113525,688159.5195381641,240.4312906265259,51.27842497825623,13.58368873596191,503.4454637765884,1.867757201194763
36,696,.9455031752586365,1.260670900344849,173.3422487974167,806.5142084956169,96.12615615129471,37.50495928525925,34.35328203439713,17.01905715465546,1.891006350517273,334.7081240415573,22.69207620620728,318.3194023370743,1099525.957675993,357.4002002477646,71.85824131965637,18.91006350517273,902.6403646469116,2.206174075603485
36,697,.6628333479166031,.8837777972221375,121.5194471180439,565.3968457728624,67.38805703818798,26.29238946735859,24.08294497430325,11.93100026249886,1.325666695833206,234.6430051624775,15.90800034999847,223.1538937985897,770809.121236667,250.551005512476,50.37533444166183,13.25666695833206,632.7849028110504,1.546611145138741
36,698,.3220754861831665,1.610377430915833,121.1003828048706,168.9285925030708,57.6515120267868,11.75575524568558,21.41801983118057,12.23886847496033,.4831132292747498,114.8199108242989,37.84386962652206,220.1385948061943,422074.1272842884,152.6637804508209,33.17377507686615,12.72198170423508,226.5801045298576,1.932452917098999
36,699,.188167467713356,2.82251201570034,174.2430751025677,219.4032673537731,67.36395344138145,26.90794788300991,28.78962256014347,21.63925878703594,.376334935426712,176.3129172474146,18.62857930362225,244.4295405596495,515686.869661063,194.9414965510368,55.69757044315338,22.01559372246265,286.7672207951546,3.010679483413696
36,700,.8439000248908997,4.219500124454498,317.3064093589783,442.6255630552769,151.058104455471,30.80235090851784,56.11935165524483,32.06820094585419,1.265850037336349,300.8503588736057,99.15825292468071,576.8056670129299,1105915.792419076,400.0086117982864,86.92170256376266,33.33405098319054,593.6836675107479,5.063400149345398
36,720,2.005420416593552,.3856577724218369,38.51757002063096,201.9304096400738,19.89994105696678,16.66041576862335,5.500443979166448,3.851757002063096,2.005420416593552,87.62144589424133,9.949970528483391,81.71124053187668,267616.7212807238,97.57141642272472,22.1608597477898,5.857177418656647,221.8303506970406,2.391078189015388
36,721,0,1.735738411545753,134.1252408921719,404.2692554891109,63.59114362299442,27.61402018368244,20.03988893330097,12.62355208396912,0,211.2867030054331,12.15016888082027,214.600385427475,639518.3006491363,223.4368718862534,47.65390911698341,12.62355208396912,467.8603991121054,1.735738411545753
37,006,6,1,22,393,83,67,41,17,6,154,6,197,140802,160,108,23,476,7
37,009,0,1,150,369,133,68,56,31,0,118,4,260,133487,122,124,31,502,1
