pc11_state_id,pc11_district_id,dlhs4_dh_beds,dlhs4_dh_count,dlhs4_dh_staff,dlhs4_dh_icu_beds,dlhs4_chc_beds,dlhs4_chc_count,dlhs4_chc_staff,dlhs4_chc_beds_ven,dlhs4_phc_beds,dlhs4_phc_count,dlhs4_phc_staff,dlhs4_phc_pop,dlhs4_phc_beds_oxy,pc11_pca_tot_p,dlhs4_phc_mult,dlhs4_total_beds,dlhs4_total_staff,dlhs4_total_facilities
02,023,200,1,42,0,165,8,86,0,68,16,41,157586,38,519080,3.2939475,588.9884,263.05185,61.703159
02,024,300,1,53,0,262,11,183,30,71,19,100,867424,60,1510075,1.740873,685.60199,410.08731,45.076588
02,025,70,1,17,1,21,2,26,0,33,8,27,24337,13,31564,1.2969552,133.79953,78.017792,13.375642
02,026,200,1,68,2,105,6,101,0,24,5,31,91380,12,437903,4.79211,420.01065,317.55542,30.96055
02,027,300,1,92,3,303,10,178,0,50,14,65,207184,30,999777,4.825551,844.27753,583.66083,78.557716
02,028,210,1,99,2,186,6,118,0,60,13,84,197273,30,454768,2.3052723,534.31635,410.64288,36.96854
02,029,180,1,51,4,78,4,45,0,87,10,40,234285,61,521173,2.2245257,451.53372,184.98103,27.245256
02,030,270,1,82,2,116,7,97,0,44,9,30,108893,6,381956,3.5076268,540.33557,284.22879,39.568642
02,031,180,1,62,2,71,5,104,0,81,15,54,295804,30,580320,1.9618396,409.909,271.93933,35.427593
02,032,200,1,65,0,62,4,49,0,32,9,27,125847,12,529855,4.2103109,396.72995,227.67839,42.892799
02,033,120,1,81,0,442,10,174,0,73,15,43,182299,26,814010,4.4652467,887.96301,447.00562,77.978699
02,034,100,1,26,2,94,4,51,0,63,16,47,27422,33,84121,3.0676465,387.26172,221.17938,54.082344
03,035,292,3,255,31,279,12,369,0,0,0,0,,,2298323,0,571,624,15
03,036,300,4,156,30,75,3,88,0,28,8,48,158138,25,815168,5.154789,519.33411,491.42987,48.238312
03,037,530,3,259,16,180,6,185,30,184,10,206,976973,178,2193590,2.2452924,1123.1338,906.53021,31.452925
03,038,510,5,257,19,189,12,301,0,103,12,101,251120,95,1586625,6.3181944,1349.774,1196.1376,92.818329
03,039,94,2,91,0,76,4,111,30,31,10,64,183983,29,612310,3.3280792,273.17047,414.99707,39.280792
03,040,118,2,78,8,125,4,73,0,24,3,45,246089,16,600163,2.4388046,301.53131,260.74622,13.316414
03,041,412,6,274,32,197,9,311,8,0,0,0,,,3498739,0,609,585,15
03,042,120,1,75,10,150,5,127,0,113,19,166,762006,76,995746,1.306743,417.66196,418.91934,30.828117
03,043,315,4,163,12,196,7,202,0,105,20,157,511626,94,2029074,3.9659321,927.42285,987.65137,90.318642
03,044,154,3,77,10,115,4,93,0,36,10,60,220603,27,901896,4.0883217,416.17957,415.29932,47.883217
03,045,150,2,77,3,40,2,40,0,55,9,78,508605,47,617508,1.214121,256.77664,211.70143,14.927089
03,046,325,3,125,10,135,7,194,49,57,3,38,32709,57,1388525,42.450855,2879.6987,1932.1324,137.35257
03,047,150,2,63,0,63,3,62,0,0,0,0,,,769751,0,213,125,5
03,048,582,4,276,25,134,7,244,55,69,6,141,1001977,62,1895686,1.8919456,846.54425,786.76434,22.351673
03,049,182,3,231,8,155,6,177,0,107,13,145,468220,71,2490656,5.3194141,906.17731,1179.3151,78.152382
03,050,180,2,64,10,250,9,241,0,44,12,134,564428,28,1119627,1.9836489,517.28058,570.80896,34.803787
03,051,170,2,113,11,106,5,125,0,43,9,55,171616,33,684627,3.989296,447.53973,457.41129,42.903664
03,052,170,2,140,11,110,3,91,0,37,10,78,465600,20,994628,2.1362286,359.04047,397.62582,26.362286
03,053,265,4,148,4,229,9,240,80,0,0,0,,,1655169,0,494,388,13
03,054,100,1,55,0,46,3,77,0,41,8,57,118612,37,595527,5.0207987,351.85275,418.18552,44.166389
04,055,550,1,492,20,75,2,65,25,0,0,0,,,1055450,0,625,557,3
05,056,108,1,54,0,58,3,78,0,12,3,39,101981,12,330086,3.2367401,204.84088,258.23285,13.71022
05,057,75,1,60,4,98,5,125,0,26,5,48,151113,22,391605,2.5914712,240.37825,309.39063,18.957355
05,058,72,1,27,0,60,2,29,0,4,1,11,53476,4,242285,4.530724,150.12289,105.83797,7.530724
05,059,158,2,60,3,82,3,57,0,40,7,86,525997,40,618931,1.1766816,287.06726,218.19463,13.236772
05,060,688,6,417,14,130,7,156,0,42,12,73,603950,38,1696694,2.8093286,935.99182,778.08099,46.711945
05,061,871,5,174,16,162,5,92,0,47,10,131,403970,47,687271,1.7012922,1112.9607,488.86926,27.012922
05,062,182,2,94,0,118,4,86,0,16,4,44,197021,16,483439,2.4537435,339.25989,287.96472,15.814974
05,063,60,1,28,0,44,2,38,0,16,4,18,38332,12,259898,6.7801838,212.48294,188.0433,30.120735
05,064,365,4,180,4,104,5,70,0,47,11,90,410109,33,622506,1.5179038,540.34149,386.61133,25.696941
05,065,34,2,25,0,46,2,78,0,12,3,11,152200,8,259648,1.7059659,100.47159,121.76563,9.117898
05,066,1222,8,465,34,134,8,172,0,21,4,49,391474,21,954605,2.438489,1407.2083,756.48596,25.753956
05,067,211,2,162,4,192,7,235,0,70,17,96,645870,50,1648902,2.5529935,581.70953,642.0874,52.40089
05,068,314,4,141,10,163,7,107,0,12,3,8,64288,4,1890422,29.405519,829.86621,483.24414,99.21656
06,069,150,1,159,0,40,2,65,0,30,7,62,282584,24,561293,1.9862872,249.58862,347.14981,16.904011
06,070,325,3,204,4,63,4,75,0,67,10,90,440426,61,1128350,2.5619514,559.65076,509.57562,32.619514
06,071,160,2,95,0,85,6,99,0,42,10,65,458311,42,1214205,2.6493037,356.27075,366.20474,34.493038
06,072,100,1,74,0,111,5,112,0,68,14,104,455098,68,964655,2.1196644,355.13718,406.4451,35.675301
06,073,150,2,79,0,47,5,88,0,64,13,74,810177,58,1074304,1.3260114,281.86475,265.12485,24.238148
06,074,260,3,133,0,92,5,121,0,118,17,114,722158,118,1505324,2.08448,597.96863,491.63074,43.436161
06,075,100,1,89,0,42,3,68,0,32,11,107,730572,30,1205437,1.6499907,194.7997,333.54901,22.149897
06,076,150,2,129,13,77,6,210,0,69,15,163,1091810,64,1450001,1.3280708,318.63687,555.47552,27.921061
06,077,150,2,101,0,115,7,154,0,56,17,115,656011,56,1334152,2.0337341,378.8891,488.87943,43.573479
06,078,150,2,111,0,108,4,123,0,67,10,69,385925,67,942011,2.4409173,421.54144,402.42328,30.409172
06,079,150,2,80,6,157,7,123,0,74,12,81,426043,69,1295189,3.0400429,531.9632,449.24347,45.480515
06,080,305,3,123,0,193,8,199,0,122,19,160,609123,114,1743931,2.8630195,847.28839,780.08313,65.397369
06,081,480,5,179,17,150,9,180,0,87,14,78,582325,87,1634445,2.8067575,874.18793,577.92706,53.294605
06,082,100,1,80,4,144,5,163,0,71,14,146,409223,71,1061204,2.5932169,428.11841,621.60968,42.305038
06,083,300,2,139,8,93,6,121,0,63,15,113,411348,63,958405,2.3299129,539.78448,523.28015,42.948692
06,084,155,2,80,0,125,7,123,0,56,9,37,304652,50,922088,3.0266929,449.49481,314.98764,36.240234
06,085,150,2,144,0,70,5,107,0,43,9,78,356813,43,900332,2.5232601,328.50018,447.8143,29.709341
06,086,230,2,111,10,25,3,52,0,31,9,83,646989,27,1514432,2.3407383,327.5629,357.28128,26.066645
06,087,100,1,35,3,70,3,48,0,34,6,23,582345,31,1089263,1.8704771,233.59622,126.02097,15.222862
06,088,250,2,147,18,16,2,40,0,26,5,51,352772,26,1809733,5.1300359,399.38092,448.63184,29.650179
06,089,50,1,38,0,48,4,94,0,38,8,40,578142,38,1042708,1.80355,166.5349,204.142,19.4284
08,099,276,1,176,6,455,12,222,0,141,24,105,675679,116,1969168,2.9143543,1141.924,704.0072,82.944504
08,100,150,1,58,0,352,14,238,34,115,20,94,598565,109,1774692,2.964911,842.96478,574.70166,74.298218
08,101,100,1,68,0,393,11,171,0,108,17,87,460933,105,2363937,5.1285915,1046.8879,685.18744,99.186058
08,102,500,3,291,44,335,10,186,0,123,22,103,471527,76,2039547,4.3254089,1367.0253,922.51709,108.159
08,103,335,1,142,30,491,21,412,0,219,37,246,790826,160,2137045,2.7022948,1417.8026,1218.7645,121.98491
08,104,463,1,208,64,961,28,620,0,175,35,252,1113399,132,3674179,3.2999661,2001.494,1659.5914,144.49881
08,105,204,1,198,5,439,14,278,0,215,35,235,995974,100,2548462,2.5587635,1193.1342,1077.3094,104.55672
08,106,360,1,137,10,265,7,128,0,63,11,91,312113,48,1206516,3.8656385,868.53522,616.77313,50.522022
08,107,316,2,259,10,206,7,116,0,71,13,89,542933,53,1458248,2.6858709,712.69684,614.04248,43.916321
08,108,345,2,203,10,153,7,109,0,61,10,77,399475,47,1335551,3.3432655,701.93921,569.43146,42.432655
08,109,154,1,81,5,320,10,213,0,125,21,168,729860,94,1634409,2.2393458,753.91821,670.21008,58.02626
08,110,413,3,424,10,710,22,517,48,135,22,172,648583,112,6626178,10.216392,2502.2129,2698.2192,249.76062
08,111,267,1,171,5,705,22,488,0,177,32,209,873753,126,2677333,3.0641761,1514.3591,1299.4128,121.05363
08,112,1350,4,200,6,563,24,359,0,178,35,173,943823,141,3307743,3.5046222,2536.8228,1165.2997,150.66177
08,113,110,2,132,4,613,20,348,15,126,23,169,619843,75,3687165,5.9485469,1472.517,1485.3044,158.81657
08,114,116,1,59,4,280,7,93,0,58,11,42,212996,37,669919,3.1452186,578.42267,284.09918,42.597404
08,115,396,2,194,8,503,17,300,0,160,28,137,659081,49,2603751,3.9505782,1531.0925,1035.2292,129.6162
08,116,155,1,82,0,305,8,139,0,156,30,149,724000,94,1828730,2.5258701,854.03571,597.35461,84.7761
08,117,104,1,80,3,226,7,152,0,103,18,108,520263,91,1036346,1.9919657,535.17249,447.13229,43.855381
08,118,297,2,280,20,567,17,346,75,186,31,201,604828,162,2037573,3.3688469,1490.6055,1303.1382,123.43425
08,119,757,5,406,5,375,14,204,0,102,18,100,597910,96,2583052,4.3201351,1572.6538,1042.0135,96.762436
08,120,200,1,96,6,301,7,191,0,143,25,148,647982,98,1421326,2.1934652,814.66553,611.63287,62.836632
08,121,241,1,120,6,270,9,175,0,124,17,129,500242,118,1110906,2.2207372,786.3714,581.4751,47.752533
08,122,436,1,198,12,643,18,360,100,93,16,107,400118,78,2408523,6.0195317,1638.8164,1202.0898,115.31251
08,123,259,2,106,8,305,8,156,0,124,18,128,393448,110,1156597,2.9396439,928.51587,638.27441,62.913589
08,124,307,2,185,4,350,11,171,0,168,27,206,798287,116,1388552,1.7394146,949.22162,714.3194,59.964195
08,125,291,1,85,4,574,19,336,75,106,17,135,558241,71,1797485,3.2199087,1206.3103,855.68768,74.738449
08,126,568,3,284,22,724,21,367,0,125,24,125,621753,90,1544338,2.4838448,1602.4806,961.48059,83.612274
08,127,100,1,63,0,302,11,294,50,100,15,102,450705,89,1951014,4.328805,834.88049,798.53809,76.932076
08,128,205,1,97,8,350,9,151,50,149,26,135,584817,89,1222755,2.0908334,866.53418,530.26251,64.361671
08,129,519,1,60,85,1049,14,273,0,117,21,126,527564,70,1411129,2.6748016,1880.9518,670.02502,71.17083
08,130,151,2,104,10,691,22,379,0,100,20,113,552665,85,3068420,5.5520434,1397.2043,1110.3809,135.04086
09,132,521,2,165,0,365,14,305,0,46,12,59,401975,4,3466382,8.6233768,1282.6753,978.77924,119.48052
09,133,255,2,104,14,343,17,293,0,76,23,128,819458,29,4143512,5.0564055,982.2868,1044.22,135.29733
09,134,154,2,56,0,312,19,231,0,50,16,78,994062,20,3682713,3.7047117,651.2356,575.96753,80.275391
09,135,265,2,120,34,267,13,273,0,60,17,71,784923,18,4772006,6.0795851,896.77509,824.65051,118.35294
09,136,210,2,62,0,170,8,163,0,81,18,98,892899,32,2335819,2.6159947,591.89557,481.36749,57.087906
09,137,100,1,20,0,195,6,144,0,44,11,39,472897,8,1840221,3.8913779,466.22064,315.76373,49.805157
09,138,436,2,123,20,115,11,210,0,54,13,72,532885,42,3443689,6.4623494,899.96686,798.28918,97.010544
09,139,100,1,28,0,157,7,110,0,82,18,94,700264,39,1303048,1.8607954,409.58524,312.91476,41.494316
09,140,326,3,213,27,260,11,195,0,59,19,80,975070,8,4681645,4.8013425,869.27924,792.10742,105.22551
09,141,100,1,55,0,151,8,134,0,61,17,89,851502,41,1648115,1.9355386,369.06787,361.26294,41.904156
09,142,361,5,124,8,372,17,239,0,50,15,80,535511,16,3499171,6.5342655,1059.7133,885.74121,120.01398
09,143,742,5,234,53,476,19,349,0,131,26,117,1069822,73,3673889,3.4341123,1667.8687,984.79114,113.28692
09,145,234,3,111,0,280,11,153,0,57,15,85,784914,22,2547184,3.2451758,698.97504,539.83997,62.677639
09,146,308,2,188,16,406,19,285,0,70,18,93,914377,20,4418797,4.8325768,1052.2804,922.42963,107.98638
09,147,354,3,84,20,197,10,128,0,49,15,52,459458,16,2498156,5.4371805,817.42188,494.7334,94.557709
09,148,130,2,109,8,153,10,153,0,79,22,78,770872,18,1868529,2.4239161,474.48938,451.06546,65.326157
09,149,313,2,69,32,318,18,450,0,18,6,30,182250,0,3681896,20.202448,994.64404,1125.0735,141.21469
09,150,439,2,141,10,285,16,320,0,55,21,99,876756,12,4448359,5.0736566,1003.0511,963.29199,124.54679
09,151,200,2,73,6,190,8,179,0,34,6,31,107517,0,2031007,18.8901,1032.2634,837.59314,123.34061
09,152,312,2,130,20,176,14,252,0,23,6,38,357109,12,3006538,8.4191046,681.6394,701.92596,66.514626
09,153,219,2,131,0,343,14,214,0,80,21,112,1322072,33,4021243,3.0416217,805.32971,685.66162,79.874054
09,154,347,2,110,0,366,14,349,0,34,14,84,1402655,13,4483992,3.196789,821.69086,727.53027,60.755047
09,155,248,2,88,17,252,15,284,0,31,7,36,400662,17,4092845,10.215206,816.67139,739.74744,88.506439
09,156,170,2,95,13,345,16,400,0,27,10,66,615979,24,3108367,5.0462222,651.24799,828.05066,68.462219
09,157,982,2,273,0,230,8,201,0,55,15,80,753409,16,4589838,6.0920935,1547.0652,961.36749,101.3814
09,158,367,2,103,0,451,18,445,0,48,17,88,772589,20,3405559,4.4079828,1029.5831,935.90247,94.935707
09,159,220,3,126,8,188,8,119,0,46,9,29,262900,0,1885204,7.1708026,737.85693,452.95328,75.537224
09,160,100,1,44,0,209,10,155,0,93,23,81,795627,22,1656616,2.0821517,502.64011,367.6543,58.889488
09,161,141,2,73,12,201,9,122,0,56,15,58,484172,19,1581810,3.2670414,524.95435,384.4884,60.005623
09,162,50,1,36,6,123,7,122,0,72,20,87,776938,16,1379545,1.7756178,300.84448,312.47876,43.512356
09,163,100,2,48,5,216,15,237,0,35,9,50,298646,8,1796184,6.0144253,526.50488,585.72125,71.129829
09,164,726,3,235,23,240,10,247,0,78,21,121,701527,34,4581268,6.5304227,1475.3729,1272.1812,150.13887
09,165,163,2,58,12,184,12,162,0,14,5,24,133557,6,1689974,12.653579,524.15009,523.68591,77.267891
09,166,169,2,75,0,204,8,166,0,44,12,60,457034,12,1998603,4.3729854,565.41138,503.37912,62.475822
09,167,200,2,41,6,132,6,163,0,67,12,57,332500,51,1221592,3.6739609,578.1554,413.41577,52.087532
09,168,98,2,70,0,152,8,143,0,65,14,56,348460,51,1104285,3.1690438,455.98785,390.46646,54.366611
09,169,100,2,30,4,110,5,74,0,30,9,60,310825,26,875958,2.818171,294.54514,273.09027,32.363541
09,170,133,2,57,0,153,11,140,0,69,19,82,476055,20,1799410,3.7798364,546.80872,506.94659,84.816895
09,171,100,1,30,0,109,5,76,0,66,16,73,497270,22,991730,1.9943491,340.62704,251.58748,37.909584
09,172,190,2,68,4,190,15,237,0,65,17,68,497348,14,2632733,5.2935429,724.08026,664.96094,106.99023
09,173,182,2,111,24,694,31,609,0,60,17,70,912315,24,3209141,3.51758,1087.0548,966.23059,92.798859
09,174,100,1,34,0,157,9,146,0,69,17,78,694692,13,1599596,2.3025975,415.87924,359.6026,49.144157
09,175,302,2,137,2,530,20,532,0,44,10,36,413421,4,5954391,14.40273,1465.7201,1187.4983,166.0273
09,176,213,2,100,5,425,15,417,0,96,24,192,1194879,72,3260699,2.7288947,899.97388,1040.9478,82.493469
09,177,255,2,87,40,330,12,332,0,30,7,41,759070,0,2470996,3.2552941,682.65881,552.46704,36.78706
09,178,100,1,62,6,271,11,350,0,50,11,66,423474,6,2397888,5.6624207,654.12103,785.71979,74.286629
09,179,308,2,94,50,502,21,579,4,35,13,57,182133,5,3797117,20.848045,1539.6816,1861.3386,294.0246
09,180,293,2,104,0,221,17,233,0,72,19,86,786376,6,3487731,4.435195,833.33405,718.42676,103.26871
09,181,0,0,0,,152,6,112,0,27,8,41,300433,5,1117361,3.7191687,252.41756,264.4859,35.753349
09,182,145,2,34,0,140,7,132,0,41,11,60,480890,22,2148665,4.468101,468.19214,434.08606,58.149113
09,183,308,2,92,10,249,17,271,0,81,20,76,717977,4,3433919,4.7827702,944.40436,726.49054,114.6554
09,184,100,1,46,12,229,14,232,0,55,18,74,641485,4,2559297,3.9896443,548.43042,573.2337,86.813599
09,185,641,3,273,22,172,14,205,0,53,13,79,509940,12,2464464,4.8328509,1069.1411,859.79523,79.827065
09,186,40,1,33,0,161,9,140,0,33,8,36,209367,4,1715183,8.1922321,471.34366,467.92035,75.537857
09,187,100,1,60,10,247,16,231,0,22,6,33,410203,4,2684703,6.5448155,490.98593,506.97891,56.268894
09,188,510,2,173,9,446,23,405,0,85,29,116,1417157,32,4440895,3.1336648,1222.3616,941.50513,115.87628
09,189,100,1,51,0,385,16,341,0,39,10,71,601332,16,3564544,5.9277472,716.18213,812.87006,76.277473
09,190,311,2,99,12,405,24,329,0,46,13,79,805014,12,3100946,3.8520398,893.19385,732.31116,76.076515
09,191,312,2,118,30,507,25,411,0,101,30,146,1073484,4,4613913,4.2980733,1253.1053,1156.5187,155.9422
09,192,200,2,54,0,204,10,205,0,71,21,96,799976,12,2205968,2.7575426,599.78552,523.72412,69.908394
09,193,230,2,101,0,377,24,399,0,59,23,103,811982,8,3239774,3.9899578,842.40753,910.96564,117.76903
09,194,255,2,103,0,446,22,348,0,52,16,59,602245,8,4494204,7.4624181,1089.0458,891.28265,143.39868
09,195,245,2,121,4,265,18,261,0,53,14,78,517922,0,3620268,6.9899869,880.4693,927.21899,117.85982
09,196,200,2,97,0,192,12,296,0,70,18,107,851000,17,1952756,2.2946603,552.62622,638.52863,55.303886
09,197,819,8,1038,31,220,13,204,0,61,14,102,603036,29,3676841,6.0972166,1410.9302,1863.9161,106.36103
09,198,155,2,56,0,102,5,102,0,32,10,60,584313,16,1578213,2.7009718,343.43109,320.05832,34.00972
09,199,215,2,168,0,324,15,284,0,50,16,103,645610,6,2496970,3.8676136,732.38068,850.3642,78.881821
09,200,200,2,82,0,163,8,112,30,36,10,66,307818,20,1862559,6.0508451,580.83044,593.35577,70.508453
09,201,130,2,77,0,324,16,267,0,48,15,52,499929,8,1774480,3.549464,624.37427,528.57214,71.241959
10,203,335,2,57,9,60,2,24,0,84,14,139,3160883,72,3935042,1.2449186,499.57315,254.04369,21.42886
10,204,100,1,28,0,174,3,66,0,114,22,188,4468486,84,5099371,1.1411854,404.09512,308.54285,29.106079
10,205,30,1,20,0,0,0,0,,30,7,39,630669,18,656246,1.0405554,61.21666,60.581657,8.2838879
10,206,90,1,41,0,10,1,13,0,112,19,167,3161561,94,3423574,1.0828745,221.28195,234.84004,22.574615
10,207,185,2,56,36,60,2,28,0,159,28,188,4614076,126,4487379,.97254121,399.63406,266.83774,31.231153
10,208,100,1,31,5,60,2,73,0,84,11,161,1892111,78,2229076,1.1780895,258.9595,293.67242,15.958984
10,209,175,2,39,0,90,3,67,0,66,14,100,2542548,30,2811569,1.1058077,337.98331,216.58076,20.481308
10,210,100,1,20,0,30,1,18,0,48,8,96,1961134,36,1690400,.86195028,171.37361,120.74722,8.8956022
10,211,372,3,88,47,63,2,20,0,60,10,115,1848031,54,3264619,1.7665391,540.99237,311.15201,22.66539
10,212,198,3,69,10,30,2,20,0,82,14,133,2258752,64,3071029,1.3596132,339.48828,269.82855,24.034584
10,213,70,1,27,0,0,0,0,,104,20,146,2232659,94,2001762,.89658207,163.24454,157.90099,18.931641
10,214,214,1,54,0,0,0,0,,82,15,142,1691843,66,1900661,1.1234263,306.12097,213.52654,17.851395
10,215,75,1,6,0,118,3,39,0,120,20,169,3468859,72,3937385,1.1350663,329.20795,236.8262,26.701324
10,216,160,1,112,6,30,1,29,0,108,20,147,4101193,78,4801062,1.1706501,316.43021,313.08557,25.413002
10,217,190,2,55,24,60,3,38,0,70,16,98,2371083,54,2562012,1.080524,325.63669,198.89134,22.288383
10,218,160,2,38,4,90,3,42,0,121,22,220,3293816,72,3330464,1.0111263,372.34628,302.44778,27.244778
10,219,210,2,41,0,90,3,25,0,95,22,168,3860933,66,3951862,1.023551,397.23734,237.95657,27.518122
10,220,200,2,43,0,90,3,38,0,78,14,140,3386849,66,3495021,1.0319388,370.49121,225.47144,19.447144
10,221,196,4,70,0,30,1,19,0,126,24,209,4148374,90,4261566,1.0272858,355.43802,303.70273,29.65486
10,222,105,1,56,0,60,2,29,30,126,22,119,2969861,99,2970541,1.000229,291.02884,204.02725,25.005037
10,223,80,1,59,0,30,1,16,0,42,9,59,1744490,30,1666886,.95551479,150.13162,131.37537,10.599633
10,224,90,3,45,0,90,3,48,0,126,19,161,2113234,72,3037766,1.4374963,361.12454,324.43692,33.312431
10,225,70,1,15,0,90,3,44,0,64,16,102,2080709,42,2034763,.97791809,222.58676,158.74765,19.64669
10,226,132,2,49,0,0,0,0,,66,13,104,1123217,42,1367765,1.2177211,212.3696,175.64299,17.830374
10,227,110,1,19,0,30,1,25,0,84,14,85,1229877,24,1000912,.81383097,208.3618,113.17564,13.393634
10,228,129,1,19,10,30,1,3,0,68,14,73,774875,24,636342,.82121891,214.84288,81.948982,13.497065
10,229,481,3,113,13,30,2,31,0,129,25,272,2490375,114,2877653,1.1555099,660.06079,458.29871,33.887749
10,230,252,4,123,2,103,4,104,0,222,24,237,3427258,198,5838465,1.7035382,733.18549,630.73853,48.884918
10,231,210,2,61,8,75,3,52,0,90,18,143,2618975,66,2728407,1.0417843,378.76059,261.97516,23.752117
10,232,175,2,37,12,0,0,0,,90,16,108,1798232,54,1706352,.94890535,260.40149,139.48178,17.182486
10,233,160,2,42,0,30,2,10,0,84,15,112,1591189,48,1626384,1.0221187,275.85797,166.47729,19.331779
10,234,148,3,63,20,30,1,5,0,120,16,120,2594870,96,2959918,1.1406807,314.88168,204.88168,22.250891
10,235,74,1,48,0,83,3,56,0,84,16,147,2735988,54,2540073,.9283933,234.98503,240.47382,18.854294
10,236,550,4,69,0,0,0,0,,120,20,255,3504579,102,4391418,1.2530515,700.36621,388.52814,29.061031
10,237,100,1,29,0,60,2,23,0,90,16,117,2223379,78,2219146,.99809617,249.82866,168.77725,18.96954
10,238,100,1,32,10,90,3,48,0,65,12,56,1489509,36,1760405,1.1818693,266.8215,146.18468,18.18243
10,239,165,2,42,10,66,2,51,0,147,26,178,1898382,72,1125313,.59277481,318.13791,198.51392,19.412146
11,241,100,1,51,3,0,0,0,,52,5,47,33516,52,43709,1.3041234,167.81442,112.2938,7.520617
11,242,100,1,61,0,0,0,0,,73,7,87,114582,73,136435,1.1907194,186.92252,164.59259,9.3350353
11,243,204,1,79,12,20,1,20,20,50,5,55,62177,50,146850,2.3618059,342.0903,228.89932,13.80903
11,244,100,1,62,0,0,0,0,,75,7,81,56103,75,283583,5.0546851,479.10138,471.4295,36.382797
12,245,30,1,33,0,12,1,13,0,30,5,14,16542,6,49977,3.0212188,132.63657,88.297066,17.106094
12,246,35,1,30,0,58,4,80,0,28,4,38,22719,28,83947,3.695013,196.46036,250.41049,19.780052
12,247,58,1,58,0,30,3,43,0,37,7,34,22886,8,78690,3.4383466,215.21883,217.90378,28.068426
12,248,150,1,234,6,76,4,152,0,0,6,51,19190,0,176573,9.2013025,226,855.26642,60.207817
12,249,85,1,35,0,47,5,77,0,4,5,33,13224,0,83448,6.3103447,157.24138,320.24136,37.551723
12,250,80,1,68,0,89,6,193,0,50,8,91,39215,6,112274,2.8630371,312.15186,521.53638,29.904297
12,251,150,1,98,4,59,5,120,0,61,8,89,33097,48,99214,2.9976735,391.85809,484.79294,29.981388
12,252,30,1,30,0,39,4,50,0,11,2,5,5827,11,35320,6.0614381,135.67581,110.30719,17.122875
12,253,65,1,25,0,77,4,106,0,49,4,67,34436,44,148226,4.3043909,352.91516,419.3942,22.217564
12,254,59,1,49,0,45,3,53,0,28,4,13,31877,14,111975,3.5127208,202.35619,147.66537,18.050884
12,255,100,1,50,0,34,2,74,0,14,4,61,22108,4,83030,3.7556541,186.57916,353.09491,18.022617
12,256,0,0,0,,40,4,56,0,15,4,39,12406,0,92076,7.4218926,151.32838,345.45383,33.687569
12,257,50,1,18,0,0,0,0,,0,0,0,,,8004,0,50,18,1
12,258,70,1,42,0,36,3,35,0,15,3,22,8913,10,54080,6.0675416,197.01312,210.48592,22.202625
12,259,88,1,40,0,69,3,75,0,36,6,87,50826,36,145726,2.8671546,260.21756,364.44244,21.202927
12,260,0,0,0,,38,2,36,0,3,4,16,7210,0,21167,2.9357836,46.80735,82.972534,13.743134
13,261,91,1,37,7,42,2,56,0,52,10,122,32220,12,250260,7.7672253,536.89569,1040.6014,80.672256
13,262,150,1,155,0,72,3,88,0,69,11,164,43262,6,194622,4.4986825,532.40912,980.78394,53.485508
13,263,50,1,37,0,36,2,62,0,82,9,135,40671,42,140757,3.4608688,369.79126,566.21729,34.14782
13,264,50,1,41,0,40,2,65,0,74,10,123,48242,12,166343,3.4480951,345.15903,530.11572,37.480949
13,265,150,1,105,0,30,2,55,0,27,6,55,48190,19,378811,7.8607802,392.24106,592.3429,50.16468
13,266,50,1,43,0,54,3,144,0,83,12,97,42209,30,163418,3.8716388,425.34601,562.54895,50.459663
13,267,100,1,46,0,42,2,77,0,61,10,150,84690,30,196596,2.3213603,283.60297,471.20404,26.213604
13,268,24,1,22,0,0,0,0,,13,2,28,6948,6,50484,7.265976,118.45769,225.44733,15.531952
13,269,37,1,49,0,10,1,18,0,19,4,55,29292,0,74004,2.5264237,95.002052,205.95331,12.105695
13,270,300,1,169,28,32,3,131,0,52,7,105,158906,12,267988,1.6864562,419.69571,477.07791,15.805193
13,271,50,1,30,0,20,1,22,0,33,7,80,22172,22,95219,4.2945609,211.7205,395.56488,32.061928
14,272,30,1,41,0,48,2,48,0,21,5,52,127617,15,479148,3.7545781,156.84615,284.23807,21.77289
14,273,36,1,31,0,12,1,21,0,69,5,44,78793,26,140651,1.7850697,171.16982,130.54306,10.925348
14,274,100,1,100,0,11,1,20,0,33,6,56,37594,21,274143,7.292201,351.64264,528.36328,45.753204
14,275,48,1,68,6,42,2,63,0,45,6,69,138425,35,237399,1.7150009,167.17503,249.33505,13.290005
14,276,100,1,89,0,80,5,137,0,67,11,138,292991,56,422168,1.4408907,276.53967,424.84293,21.849798
14,277,0,0,0,,52,2,64,0,33,5,73,187622,33,517992,2.7608275,143.10732,265.54041,15.804138
14,278,0,0,0,,45,2,66,0,73,8,137,199682,63,456113,2.2841969,211.74637,378.93497,20.273575
14,279,50,1,38,0,30,1,25,0,31,6,40,119366,10,183998,1.5414608,127.78529,124.65843,11.248764
14,280,54,2,77,0,0,0,0,,41,5,68,115704,38,144182,1.2461281,105.09125,161.73671,8.2306404
15,281,30,1,12,0,45,2,32,0,80,8,75,59645,80,86364,1.4479672,190.83737,152.59753,14.583737
15,282,52,1,27,0,30,1,14,0,50,5,58,40692,50,83955,2.0631819,185.15909,160.66455,12.315909
15,283,350,2,310,5,51,2,70,30,20,2,27,14968,20,400309,26.744322,935.88641,1102.0967,57.488644
15,284,60,1,31,0,56,2,38,0,111,8,95,52881,111,125745,2.3778863,379.94537,294.8992,22.02309
15,285,50,1,45,0,60,2,41,0,50,5,55,19808,50,64937,3.278322,273.91611,266.30771,19.391609
15,286,130,2,67,0,32,1,14,0,60,6,53,38615,60,161428,4.1804481,412.82687,302.56375,28.082687
15,287,30,1,18,0,21,1,10,0,30,2,12,28079,10,117894,4.1986537,176.95961,78.383842,10.397307
15,288,67,1,23,0,0,0,0,,60,6,48,30199,50,56574,1.8733733,179.40239,112.92192,12.24024
16,289,1689,5,601,21,186,5,192,0,65,7,168,285714,20,1725739,6.0400925,2267.606,1807.7356,52.280647
16,290,385,4,224,6,87,4,109,0,126,13,231,359909,55,876001,2.4339514,778.67786,895.2428,39.641369
16,291,290,3,180,0,30,1,41,0,99,11,135,278869,0,378230,1.3562999,454.27368,404.10049,18.919298
16,292,397,4,179,0,30,1,60,0,145,13,220,356863,6,693947,1.9445753,708.96344,666.80658,30.27948
17,293,0,0,0,,127,4,183,0,198,18,304,564729,186,643291,1.1391145,352.54468,529.29083,24.504061
17,294,100,1,54,0,0,0,0,,66,7,110,150303,66,317917,2.1151741,239.60149,286.66916,15.806218
17,295,86,1,67,0,102,3,133,0,113,10,168,313770,113,142334,.45362526,239.25966,276.20905,8.536253
17,296,0,0,0,,67,2,76,0,115,11,186,330480,115,383461,1.1603153,200.43626,291.81863,14.763468
17,297,72,1,53,0,0,0,0,,77,8,126,171010,57,258840,1.5135957,188.54688,243.71306,13.108766
17,298,386,1,163,6,20,1,44,0,40,4,82,86733,40,825922,9.5225811,786.90326,987.85162,40.090324
17,299,121,1,72,4,133,4,175,0,183,17,255,490731,163,395124,.80517435,401.34689,452.31946,18.687963
18,300,300,2,198,0,94,4,80,0,36,11,38,124598,27,887142,7.1200342,650.32123,548.56128,84.320374
18,301,212,2,124,0,188,11,206,0,54,14,95,504023,48,1949258,3.867399,608.83954,697.40289,67.143585
18,302,200,1,84,0,115,6,201,0,109,23,120,440017,95,1008183,2.2912364,564.74475,559.94836,59.698437
18,303,72,2,65,0,263,13,296,0,54,16,48,375065,50,1693622,4.5155425,578.83929,577.74603,87.24868
18,304,113,1,100,0,92,5,62,0,85,19,130,418781,34,957423,2.2862141,399.32819,459.20782,49.438068
18,305,281,1,110,0,358,19,372,0,22,16,113,506294,16,2823768,5.5773287,761.70123,1112.2382,109.23726
18,306,432,3,153,0,1106,8,150,0,54,16,105,358537,46,1924110,5.366559,1827.7942,866.48871,96.864944
18,307,200,1,117,0,180,7,194,0,40,13,113,443658,36,1042137,2.3489647,473.95859,576.43298,38.536541
18,308,100,1,101,0,114,6,86,0,66,13,73,410170,34,686133,1.6728015,324.40491,309.1145,28.74642
18,309,182,1,66,0,248,9,234,0,33,8,42,165454,31,1327929,8.0259714,694.85706,637.09082,74.207771
18,310,0,0,0,,238,10,204,0,85,16,138,499671,85,1326335,2.6544166,463.6254,570.30951,52.470665
18,311,449,3,143,0,120,10,211,0,50,14,106,312960,35,1151050,3.6779461,752.89728,743.8623,64.491241
18,312,610,2,271,0,105,9,166,0,62,25,141,288507,56,1092256,3.7858908,949.72522,970.81061,105.64727
18,313,359,2,147,0,115,6,125,0,95,25,159,471723,49,1066888,2.2616832,688.85992,631.6076,64.542084
18,314,230,2,153,0,191,10,222,0,55,13,102,229692,44,956313,4.1634579,649.99017,799.67273,66.124954
18,315,136,1,66,0,90,5,89,0,18,4,33,46622,18,214102,4.5922956,308.66132,306.54575,24.369183
18,316,90,1,61,0,84,9,133,0,49,15,116,752634,43,1736617,2.3073857,287.06189,461.65674,44.610786
18,317,100,1,5,0,91,6,68,0,21,6,32,174285,15,1228686,7.0498667,339.04721,298.59573,49.299202
18,318,103,1,46,0,76,4,69,0,10,2,8,72658,10,659296,9.0739632,269.73962,187.59171,23.147926
18,319,300,2,89,5,129,9,139,0,69,29,114,498971,62,738804,1.4806552,531.16522,396.79468,53.938999
18,321,76,2,84,0,587,24,557,0,116,41,201,703161,90,1517542,2.1581714,913.3479,1074.7925,114.48503
18,323,230,2,199,0,191,14,278,0,43,13,67,274476,42,771639,2.8113167,541.8866,665.35822,52.547119
18,325,419,2,103,0,268,10,340,0,40,6,37,243956,34,928500,3.8060143,839.2406,583.82251,34.836086
19,327,1156,4,740,70,330,12,422,0,44,8,72,359098,42,1846823,5.1429501,1712.2898,1532.2924,57.1436
19,328,1050,3,439,10,357,14,629,0,50,14,132,733813,30,3872846,5.2777014,1670.885,1764.6566,90.887817
19,329,1040,5,434,0,210,12,458,0,66,16,135,711574,60,2819086,3.9617608,1511.4762,1426.8376,80.388168
19,330,525,2,291,10,210,9,229,0,0,6,37,597157,0,3007134,5.0357509,735,706.32275,41.214504
19,331,620,2,250,0,235,8,182,0,10,8,52,418000,0,1676276,4.0102296,895.10229,640.53192,42.081837
19,332,750,1,375,0,533,16,735,0,25,13,55,596701,0,3988845,6.6848302,1450.1207,1477.6656,103.90279
19,333,1552,5,780,99,655,27,1190,0,6,9,50,596661,0,7103807,11.905935,2278.4355,2565.2969,139.15341
19,334,1050,3,359,2,530,19,805,0,23,11,63,335845,0,3502404,10.428632,1819.8585,1821.0038,136.71495
19,335,2039,5,863,42,756,35,1240,0,45,17,89,613526,24,7717563,12.579032,3361.0564,3222.5339,253.84354
19,336,754,3,368,60,820,19,1015,0,84,17,134,694607,16,5167600,7.4396024,2198.9265,2379.9067,148.47324
19,337,1347,5,559,0,1315,29,1532,130,10,4,35,315055,0,10009781,31.771536,2979.7153,3203.0037,161.08615
19,338,1448,4,678,30,820,19,876,0,77,22,138,1176135,36,5519145,4.6926117,2629.3311,2201.5803,126.23746
19,339,1297,3,676,6,646,22,770,0,103,16,116,532456,20,3596674,6.7548757,2638.7522,2229.5657,133.078
19,340,656,2,231,0,571,21,985,0,97,12,107,420518,29,2930115,6.9678707,1902.8834,1961.5621,106.61445
19,341,971,2,310,0,460,15,599,0,84,15,72,617882,4,4850029,7.849442,2090.353,1474.1598,134.74162
19,343,1190,5,581,6,1290,34,1619,0,40,7,42,647302,20,8161961,12.609201,2984.3682,2729.5864,127.26441
19,344,1372,4,745,0,884,29,1146,0,112,19,188,1330037,40,5913457,4.4460845,2753.9614,2726.8638,117.47561
19,345,902,4,499,21,625,26,970,0,68,11,74,762978,10,5095875,6.6789279,1981.1671,1963.2407,103.46821
20,346,60,2,35,0,138,8,56,0,34,7,15,89600,34,1322784,14.763214,699.94928,312.44821,113.3425
20,347,30,1,19,0,80,6,77,0,13,4,12,58970,7,1042886,17.685026,339.90533,308.22031,77.740105
20,348,57,1,22,0,74,5,42,0,6,1,6,19700,6,716259,36.358326,349.14996,282.14996,42.358326
20,349,180,1,37,0,129,12,139,0,10,2,6,45875,0,2445474,53.307335,842.07336,495.84399,119.61467
20,350,142,2,67,0,186,7,77,0,0,0,0,,,1492073,0,328,144,9
20,351,46,1,22,1,152,8,121,0,11,2,6,21838,5,1313551,60.149784,859.64764,503.89871,129.29956
20,352,130,2,27,0,40,6,78,0,15,3,6,28917,0,1150567,39.788601,766.82904,343.7316,127.3658
20,353,100,1,16,0,34,6,74,0,0,0,0,,,900422,0,134,90,7
20,354,0,0,0,,78,8,98,0,50,7,50,345046,12,2684487,7.7800846,467.00424,487.00424,62.460594
20,355,80,3,37,0,214,8,123,0,34,6,28,211628,0,2062330,9.7450714,625.3324,432.862,69.470428
20,356,30,1,25,0,24,5,57,0,0,2,3,11730,0,461790,39.368286,54,200.10486,84.736572
20,357,100,1,21,0,131,8,102,0,12,2,6,39474,6,2293919,58.112148,928.34576,471.67288,125.2243
20,358,179,4,93,0,102,10,117,0,20,3,21,174940,8,1939869,11.088768,502.77536,442.86414,47.266304
20,360,180,2,93,0,86,13,180,0,17,3,14,61078,11,1734495,28.398031,748.76654,670.57245,100.19409
20,362,123,2,50,0,190,15,185,0,9,2,9,43423,6,1321442,30.431845,586.8866,508.8866,77.863693
20,364,168,3,100,0,340,16,235,0,36,5,19,105577,10,2914253,27.603106,1501.7118,859.45898,157.01553
20,366,256,2,81,0,369,18,242,0,0,0,0,,,1025213,0,625,323,20
20,368,200,2,62,0,355,21,232,0,21,4,11,108752,3,1502338,13.814348,845.10132,445.95782,78.257393
21,370,121,2,77,0,175,14,168,0,26,26,78,658129,12,1481255,2.2507062,354.51837,420.55508,74.518364
21,371,116,1,38,0,82,6,76,0,34,14,60,256032,12,579505,2.2634084,274.95587,249.8045,38.687717
21,372,190,2,97,12,188,11,152,16,12,13,52,228894,12,1041099,4.5483894,432.58069,485.51624,72.129059
21,373,60,1,30,0,44,4,56,0,14,6,22,105941,8,312520,2.9499438,145.29921,150.89876,22.699663
21,374,269,3,131,0,273,17,319,0,46,15,61,380125,9,2093437,5.5072331,795.3327,785.94122,102.6085
21,375,288,3,128,0,214,15,277,0,26,34,123,869469,12,1801733,2.0722222,555.87781,659.88336,88.455559
21,376,605,4,186,0,395,28,355,0,26,27,98,693145,18,2519738,3.6352251,1094.5159,897.25208,130.15108
21,377,97,2,138,0,323,17,268,0,9,30,100,1097045,0,2320529,2.1152542,439.03729,617.52539,82.457626
21,378,390,2,118,0,143,7,130,0,2,29,90,919093,1,1506337,1.6389385,536.27789,395.50446,56.529217
21,379,195,1,54,0,186,9,151,0,24,25,83,768287,20,1440361,1.8747694,425.99448,360.60587,56.869236
21,380,106,1,26,0,140,9,149,0,21,22,82,549797,0,1136971,2.0679834,289.42764,344.57465,55.495636
21,381,260,3,110,8,318,18,268,0,54,31,131,959498,37,2624470,2.7352533,725.70367,736.31818,105.79285
21,382,195,1,39,0,168,11,181,0,32,28,130,908588,6,1827192,2.0110238,427.35275,481.43307,68.308662
21,383,249,3,124,0,88,8,83,0,7,16,58,412501,1,1192811,2.8916559,357.24158,374.71603,57.266495
21,384,238,4,98,0,120,9,174,0,20,14,65,837842,17,1273821,1.5203594,388.4072,370.82336,34.28503
21,385,168,1,69,0,216,12,187,0,22,17,62,341785,10,962789,2.8169434,445.97275,430.65048,60.888039
21,386,552,1,228,5,225,13,261,0,22,27,112,1049870,4,2251673,2.144716,824.18378,729.20819,71.907333
21,387,270,1,91,0,296,15,228,0,7,20,89,599144,0,1698730,2.8352616,585.8468,571.33826,72.705231
21,388,217,2,93,0,487,30,467,0,10,28,95,789485,7,3529031,4.4700418,748.70044,984.65399,157.16116
21,389,60,1,63,0,119,8,115,0,4,15,57,298322,4,577817,1.9368904,186.74756,288.40274,38.053356
21,390,250,2,85,0,211,12,163,0,18,13,44,221760,7,733110,3.3058712,520.50568,393.45834,56.976326
21,391,93,1,32,0,60,5,56,0,0,7,18,425741,0,441162,1.0362215,153,106.65199,13.253551
21,392,152,2,66,0,94,5,69,0,0,9,32,317945,0,610183,1.9191464,246,196.41269,24.272318
21,393,316,3,131,6,195,15,185,0,6,12,42,364819,0,1648997,4.5200415,538.12024,505.84174,72.240494
21,394,142,1,39,0,71,6,103,0,3,10,50,283306,3,610382,2.1544971,219.46349,249.72485,28.544971
21,395,225,2,121,0,251,16,222,0,17,11,32,242145,6,1576869,6.5120859,586.70544,551.38672,89.632942
21,396,196,2,86,12,122,11,141,0,37,18,59,387740,10,967911,2.4962888,410.36267,374.28104,57.933197
21,397,122,1,41,16,200,11,168,0,19,13,43,451027,0,1220946,2.7070353,373.43369,325.40253,47.19146
21,398,348,2,110,0,175,11,218,0,14,7,40,201046,8,1379647,6.8623447,619.07281,602.49377,61.036415
21,399,0,0,0,,117,7,122,0,10,10,28,154127,10,613192,3.9784853,156.78485,233.39758,46.784855
22,400,100,1,62,0,163,5,99,0,78,13,69,264216,48,658917,2.4938574,457.52087,333.07617,38.420147
22,401,320,1,127,4,420,20,457,0,201,35,212,874332,132,2359886,2.6990731,1282.5137,1156.2035,115.46756
22,402,100,1,45,0,156,8,176,0,131,22,98,429170,30,851669,1.9844561,515.96375,415.47668,52.658035
22,403,430,3,155,0,254,10,247,0,210,34,201,930366,79,1493984,1.6058024,1021.2185,724.7663,67.597282
22,404,100,1,66,0,128,6,136,0,162,25,120,609583,110,1206640,1.9794515,548.67114,439.53418,56.48629
22,405,150,2,136,0,219,9,226,0,184,31,190,793368,126,1619707,2.0415583,744.64673,749.89606,74.288307
22,406,100,1,96,0,224,10,297,0,211,37,284,1100034,107,2663629,2.421406,834.91669,1080.6793,100.59203
22,407,100,1,50,0,75,4,72,0,125,11,62,332066,105,822526,2.4769955,484.62442,275.57373,32.246948
22,408,210,1,102,4,256,10,226,0,163,25,136,601080,111,1537133,2.5572853,882.83752,675.79077,74.932129
22,409,430,1,137,18,469,20,500,0,179,29,187,781716,108,3343872,4.2776046,1664.6912,1436.9121,145.05054
22,410,100,1,96,0,356,17,468,0,234,41,308,1475341,150,4063872,2.7545307,1100.5602,1412.3954,130.93576
22,411,100,1,58,0,101,5,129,0,161,23,147,1100056,72,1032754,.93881947,352.14993,325.00647,27.592848
22,412,142,1,87,0,91,4,100,0,114,19,131,570641,60,799781,1.4015484,392.77652,370.60284,31.629419
22,414,580,3,301,15,631,22,634,0,331,47,337,1022856,203,1413199,1.3816206,1668.3164,1400.6062,89.936172
22,416,100,1,52,3,284,12,269,0,137,17,114,283678,73,533638,1.8811399,641.71619,535.44995,44.979378
23,418,100,1,61,0,68,3,42,0,48,7,30,233059,42,687861,2.9514458,309.6694,191.54338,24.66012
23,419,370,2,212,2,158,8,211,0,44,6,32,253172,33,1965970,7.7653532,869.67554,671.49133,56.592117
23,420,300,1,138,0,221,7,189,0,111,14,72,514559,81,1703005,3.3096399,888.37006,565.29407,54.334961
23,421,345,5,434,0,71,4,66,0,48,8,55,142456,22,2032036,14.264306,1100.6866,1284.5369,123.11445
23,422,230,2,124,0,86,4,83,0,30,5,21,136513,24,786754,5.7632165,488.89648,328.02756,34.816082
23,423,270,1,109,36,165,8,147,0,44,7,44,258814,44,1726050,6.669075,728.43933,549.43933,55.683525
23,424,257,1,90,2,160,6,124,0,61,11,61,233568,32,1445166,6.187346,794.4281,591.4281,75.060806
23,425,307,1,160,0,228,12,229,0,73,13,54,920580,49,1762375,1.9144181,674.7525,492.37857,37.887436
23,426,132,1,93,0,168,6,116,0,30,5,20,182409,30,1016520,5.5727515,467.18256,320.45502,34.863758
23,427,408,2,159,32,317,14,197,0,35,8,33,258617,29,2378458,9.1968355,1046.8893,659.49554,89.574684
23,428,360,2,173,0,180,6,94,0,65,9,52,160922,43,1264219,7.8560982,1050.6464,675.51709,78.70488
23,429,500,2,146,20,243,9,185,0,55,16,68,436115,21,2228935,5.110888,1024.0989,678.54041,92.774208
23,430,120,1,81,0,271,12,279,0,56,11,55,396459,11,2365106,5.9655752,725.0722,688.10663,78.62133
23,431,100,1,68,0,100,4,67,0,52,10,34,346639,44,644758,1.8600273,296.72144,198.24094,23.600273
23,432,281,3,105,0,101,5,50,0,69,12,50,315975,61,826067,2.6143429,562.38965,285.71713,39.372116
23,433,259,3,240,40,160,7,88,0,138,24,109,691727,107,1340411,1.9377745,686.4129,539.21741,56.506588
23,434,665,3,157,8,158,8,121,0,56,9,38,285245,52,1455069,5.10112,1108.6627,471.84256,56.91008
23,435,979,7,460,18,108,9,93,0,31,7,27,264028,25,1986864,7.5252018,1320.2813,756.18042,68.676414
23,436,414,5,266,0,216,8,115,0,56,8,36,264387,50,1512681,5.7214651,950.40204,586.97272,58.771721
23,437,430,2,194,5,124,5,116,0,128,15,80,531514,104,1563715,2.9420016,930.57617,545.36011,51.130024
23,438,220,1,106,2,506,16,371,0,84,15,65,456682,57,2185793,4.7862473,1128.0448,788.10608,88.793709
23,439,290,4,218,0,126,5,102,0,75,12,63,392586,60,3276697,8.3464441,1041.9833,845.82599,109.15733
23,440,440,3,265,0,263,11,244,0,179,29,142,1163899,84,1873046,1.6092857,991.06213,737.51855,60.669285
23,441,344,2,192,0,216,9,151,0,112,18,95,456471,72,1385881,3.0360768,900.04059,631.42731,65.649384
23,442,539,4,282,0,132,5,97,0,84,16,77,629285,78,1545814,2.456461,877.34271,568.14752,48.303375
23,443,220,3,136,0,221,8,172,0,99,9,46,150649,32,1458875,9.6839342,1399.7095,753.461,98.155411
23,444,485,3,586,4,90,3,80,0,31,5,24,477954,13,2371061,4.960856,728.78656,785.06055,30.804279
23,445,260,2,131,8,178,8,167,0,47,8,41,185650,47,1311332,7.0634637,769.98279,587.60199,66.507706
23,446,250,2,143,0,204,8,187,0,46,8,44,270933,38,1331597,4.9148574,680.08344,546.25372,49.318859
23,447,234,1,67,0,207,10,197,0,121,22,72,577411,50,1575362,2.7283201,771.12671,460.43906,71.023041
23,448,100,1,76,0,81,4,60,0,41,6,18,356560,31,570465,1.599913,246.59644,164.79843,14.599478
23,449,510,3,238,0,198,8,189,0,71,10,49,483510,61,1241350,2.5673718,890.28339,552.80121,36.673717
23,450,260,2,119,75,202,8,148,0,59,9,32,257559,59,1292042,5.0164895,757.9729,427.52765,55.148407
23,451,620,4,309,26,180,6,119,0,53,10,55,415105,45,2463289,5.934135,1114.5092,754.37744,69.341347
23,452,330,2,147,40,170,6,104,0,83,12,54,387211,72,1091854,2.8197908,734.04266,403.26871,41.83749
23,453,100,1,45,0,195,7,108,0,53,12,50,230391,29,704524,3.0579493,457.07132,305.89746,44.695393
23,454,300,1,122,20,264,9,164,0,123,18,85,243686,113,1054905,4.3289518,1096.4611,653.96088,87.921135
23,455,450,3,193,15,398,15,255,0,120,21,105,465704,31,2090922,4.489809,1386.7771,919.42993,112.28599
23,456,299,2,215,6,185,7,152,0,119,14,69,339680,67,1379131,4.0600891,967.15063,647.14612,65.841248
23,457,348,2,83,4,227,10,190,0,111,18,59,389203,58,1701698,4.3722634,1060.3213,530.96356,90.700745
23,458,444,2,246,0,286,10,172,0,74,11,59,209243,74,1241519,5.9333835,1169.0704,768.06964,77.26722
23,460,500,3,281,30,353,15,232,0,64,14,65,338246,40,1066063,3.1517386,1054.7113,717.86304,62.12434
23,462,500,2,167,6,288,11,148,0,124,17,43,588564,95,1127033,1.9148861,1025.4459,397.34009,45.553062
23,464,300,2,166,15,324,13,211,0,69,12,46,349784,64,1025048,2.9305172,826.20569,511.8038,50.166206
23,466,600,2,328,8,203,10,190,0,88,17,78,440493,75,1310061,2.9740791,1064.719,749.97815,62.559345
27,497,300,3,133,3,120,4,62,0,137,21,259,610393,137,1648295,2.7003832,789.95251,894.39923,63.708046
27,498,665,3,386,20,120,4,60,0,178,29,333,1044078,178,2050862,1.9642805,1134.642,1100.1053,63.964134
27,499,556,4,254,26,430,13,249,0,216,34,390,1365780,210,4229917,3.0970705,1654.9672,1710.8574,122.30039
27,500,656,4,349,11,300,10,172,0,211,28,300,1447239,211,2586258,1.7870289,1333.0631,1057.1086,64.036812
27,501,630,2,280,6,150,5,91,30,141,22,228,803568,141,1813906,2.2573149,1098.2814,885.66779,56.660927
27,502,258,1,107,52,171,6,121,111,90,15,149,477182,90,1197160,2.5088122,654.79309,601.81299,44.632183
27,503,844,6,450,21,210,7,178,0,143,20,265,1573318,143,2888445,1.835894,1316.5328,1114.512,49.71788
27,504,622,3,371,12,90,3,63,0,137,22,276,783274,131,1300774,1.6606884,939.51428,892.34998,42.535145
27,505,1846,4,798,31,210,7,179,60,124,21,245,804499,124,4653570,5.7844324,2773.2695,2394.186,132.47308
27,506,574,3,312,22,140,4,104,0,96,16,175,455668,90,1200334,2.6342294,966.88605,876.99017,49.147671
27,507,370,3,240,15,180,6,102,0,110,20,237,592840,92,1322507,2.2307992,795.38794,870.6994,53.615982
27,508,376,4,204,13,270,9,155,0,145,21,315,647565,133,1072942,1.6568869,886.2486,880.91937,47.794624
27,509,400,3,234,6,278,10,189,0,163,28,311,873396,163,2204307,2.5238345,1089.385,1207.9125,83.667366
27,510,956,4,459,22,260,9,185,30,142,20,229,1021999,142,2772348,2.712672,1601.1995,1265.2019,67.253441
27,511,400,6,223,27,290,10,276,90,220,27,439,1232878,214,3361292,2.7263784,1289.8032,1695.8801,89.612221
27,512,558,2,151,13,110,3,49,0,126,17,151,463663,126,1177345,2.5392256,987.94244,583.42303,48.166836
27,513,506,4,260,18,132,5,90,0,126,21,219,754772,114,1836086,2.4326365,944.51221,882.74738,60.085365
27,514,270,2,171,6,180,6,101,30,176,29,298,948512,164,1959046,2.0653887,813.50842,887.48584,67.896271
27,515,1377,4,892,10,210,7,151,0,139,23,261,1088740,139,3701282,3.3996015,2059.5447,1930.296,89.190834
27,516,791,5,440,23,390,14,272,30,190,28,353,941112,178,6107187,6.4893308,2413.9729,3002.7336,200.70126
27,517,715,5,432,21,204,9,168,0,123,20,234,757930,117,11060148,14.592572,2713.8865,4014.6619,305.85144
27,520,472,4,288,12,195,7,119,30,181,28,342,1240859,181,2634200,2.1228843,1051.2421,1133.0264,70.440758
27,521,530,5,307,22,282,10,208,0,125,22,266,957449,119,9429408,9.8484707,2043.0588,3134.6931,231.66635
27,522,374,3,228,16,330,11,223,30,188,30,324,1217550,188,4543159,3.7313943,1405.5021,1659.9718,125.94183
27,523,510,4,339,6,180,6,142,0,130,18,158,676176,130,2585049,3.8230417,1186.9954,1085.0405,78.814751
27,524,688,3,487,18,210,7,165,30,193,27,321,977113,168,2454196,2.5116808,1382.7544,1458.2495,77.815384
27,525,546,4,315,10,103,5,100,0,147,16,185,499332,141,1657576,3.319587,1136.9792,1029.1235,62.113392
27,526,883,4,569,75,293,11,237,30,185,29,297,961813,179,4317756,4.4891844,2006.4991,2139.2878,145.18634
27,527,385,3,366,10,240,8,177,0,182,23,279,927509,182,3003741,3.2385035,1214.4076,1446.5425,85.48558
27,528,350,3,312,11,180,6,132,0,126,21,238,524838,126,1615069,3.0772715,917.73621,1176.3906,73.622704
27,529,361,4,304,22,190,7,125,0,118,20,254,390520,112,849651,2.1756914,807.73157,981.62561,54.513828
27,530,865,4,558,35,343,12,247,30,217,31,380,1105543,217,3876001,3.5059705,1968.7957,2137.2688,124.68508
27,531,636,3,405,45,202,8,153,0,185,29,353,1149110,173,2822143,2.4559381,1292.3485,1424.9462,82.222206
28,532,620,4,299,14,326,10,188,0,243,28,401,1073156,132,2741239,2.5543714,1566.7123,1511.3029,85.5224
28,533,550,3,123,17,367,14,213,0,107,14,166,669448,87,2551335,3.8111026,1324.788,968.64307,70.355438
28,534,650,4,274,46,261,8,176,0,234,22,257,939145,232,3776269,4.0209646,1851.9058,1483.3879,100.46122
28,535,600,5,335,25,265,8,168,0,141,23,254,1350704,137,3033288,2.2457089,1181.645,1073.41,64.651306
28,537,450,5,172,31,220,8,157,0,158,18,239,1318796,128,5296741,4.016346,1304.5826,1288.9067,85.294228
28,538,700,5,140,44,366,12,443,0,169,23,250,1267283,144,4053028,3.1982028,1606.4963,1382.5507,90.558662
28,539,800,7,317,44,247,8,165,30,136,20,223,701504,136,3488809,4.9733272,1723.3724,1591.052,114.46655
28,540,570,3,551,35,280,8,152,0,210,29,390,1291758,187,3512576,2.7192214,1421.0365,1763.4963,89.857422
28,541,630,6,296,28,272,12,211,0,165,19,253,952091,139,2797370,2.938133,1386.792,1250.3477,73.824524
28,542,450,3,230,10,525,16,244,30,95,21,295,751658,78,2703114,3.5962019,1316.6392,1534.8795,94.520241
28,543,420,2,217,0,330,11,182,0,95,20,190,709854,83,2344474,3.3027551,1063.7617,1026.5234,79.055099
28,544,234,2,97,20,455,13,217,0,152,27,274,1003129,136,4290589,4.2772055,1339.1353,1485.9543,130.48454
28,545,1765,8,395,24,210,7,127,0,169,32,350,1337950,151,5154296,3.8523831,2626.0527,1870.3341,138.27626
28,546,676,5,265,16,338,13,195,0,131,20,249,864557,127,3936966,4.5537381,1610.5397,1593.8807,109.07476
28,547,700,6,253,16,262,9,144,0,161,28,362,1229796,153,4517398,3.6732905,1553.3998,1726.7312,117.85213
28,548,1657,6,475,4,796,16,271,0,174,29,282,1517714,162,4887813,3.22051,3013.3687,1654.1838,115.39479
28,549,580,4,190,22,256,6,123,0,94,17,182,777407,82,3397448,4.3702307,1246.8016,1108.382,84.293922
28,550,555,3,224,57,314,14,170,0,174,34,308,1272557,165,2963557,2.3288207,1274.2148,1111.2767,96.179901
28,551,530,3,81,0,185,6,137,0,233,29,310,1258219,218,2882469,2.2909119,1248.7825,928.18268,75.436447
28,552,400,3,153,16,428,18,244,0,170,36,449,1288095,148,4053463,3.1468666,1362.9673,1809.9431,134.2872
28,553,800,4,166,1,456,14,267,0,243,33,429,1444097,207,4081148,2.8260899,1942.7399,1645.3926,111.26096
28,554,750,6,411,14,470,13,247,0,188,33,385,1301969,168,4174064,3.2059627,1822.7209,1892.2957,124.79677
29,555,1520,10,408,23,438,14,330,60,184,31,323,748353,160,4779661,6.3869071,3133.1909,2800.9709,221.99413
29,556,730,7,352,6,236,7,164,0,142,23,285,715741,136,1889752,2.6402736,1340.9188,1268.478,74.726295
29,557,850,5,208,26,186,7,101,0,180,30,292,914612,126,2177331,2.3806062,1464.5092,1004.137,83.418182
29,558,650,5,450,20,230,8,146,0,168,27,385,810997,148,1703300,2.1002543,1232.8428,1404.5979,69.706863
29,559,900,5,377,6,180,6,129,0,168,28,198,1238139,156,1928812,1.5578315,1341.7157,814.45062,54.619282
29,560,246,4,124,4,252,9,158,0,92,15,148,385551,80,1389920,3.6050224,829.66205,815.54333,67.075333
29,561,370,5,206,13,60,2,30,0,138,23,195,569263,120,1064570,1.8700846,688.07166,600.6665,50.011948
29,562,480,4,232,14,0,0,0,,120,20,278,632560,114,1847023,2.9199176,830.39014,1043.7371,62.398354
29,563,936,12,559,28,50,1,33,0,196,36,581,735644,184,1437169,1.9536202,1368.9095,1727.0533,83.33033
29,564,690,7,192,17,139,5,51,0,210,35,318,834196,186,1597668,1.9152189,1231.1959,852.03961,79.032661
29,565,1727,7,512,0,325,11,260,0,131,21,254,677109,131,2452595,3.6221569,2526.5024,1692.0278,94.065292
29,566,950,6,279,20,310,10,186,0,120,21,170,426991,102,1659456,3.8863957,1726.3674,1125.6873,97.614311
29,567,1330,6,475,20,156,6,124,0,232,35,300,616233,172,1945497,3.1570802,2218.4426,1546.124,122.4978
29,568,1200,7,432,24,134,6,127,0,174,28,202,346690,114,1752753,5.0556779,2213.688,1580.2469,154.55898
29,569,550,4,207,10,180,6,98,0,114,19,178,334334,78,1177361,3.5215113,1131.4523,931.82904,76.908714
29,570,810,7,293,8,170,5,93,0,213,33,251,366428,170,1137961,3.1055515,1641.4824,1165.4934,114.4832
29,571,1300,10,552,74,110,4,79,20,183,31,287,666712,159,2678980,4.0181966,2145.3301,1784.2224,138.56409
29,572,900,4,395,43,66,3,49,0,104,19,151,521216,62,9621551,18.459816,2885.8208,3231.4321,357.73651
29,573,1050,7,323,44,195,7,135,0,117,17,157,243301,73,1805769,7.4219546,2113.3687,1623.2468,140.17323
29,574,1180,8,335,22,316,13,216,0,120,21,167,355933,86,1776421,4.9908857,2094.9063,1384.4779,125.8086
29,575,835,3,233,7,230,9,167,0,139,25,279,859454,115,2089649,2.4313681,1402.9602,1078.3517,72.784203
29,576,645,3,183,13,270,7,151,0,138,17,209,292841,134,554519,1.8935839,1176.3146,729.75903,42.190926
29,577,1000,7,332,22,210,7,179,60,201,27,257,400458,171,3001127,7.4942365,2716.3416,2437.0188,216.34439
29,578,520,4,164,13,70,2,46,0,217,19,155,392122,204,1020791,2.6032486,1154.9049,613.50354,55.461723
29,579,1300,7,444,0,442,16,228,0,184,30,288,683619,166,2566326,3.7540298,2432.7415,1753.1605,135.6209
29,580,300,3,109,0,150,5,60,0,183,31,278,770660,141,1174271,1.5237212,728.841,592.59448,55.235359
29,581,912,6,310,24,60,2,37,0,204,32,295,622039,198,1536401,2.4699433,1475.8684,1075.6333,87.038185
29,582,560,6,237,36,60,2,38,0,199,30,245,567047,175,1255104,2.2134039,1060.4674,817.28394,74.402115
29,583,400,4,126,16,60,2,37,0,139,22,191,418612,104,990923,2.3671634,789.03571,615.12823,58.077595
29,584,400,4,157,11,140,4,88,0,81,15,121,230413,81,1082636,4.6986756,920.59271,813.53973,78.480133
30,585,293,2,282,6,70,2,70,0,114,10,266,482180,114,818008,1.6964785,556.39856,803.26331,20.964785
30,586,279,1,238,4,128,2,123,0,50,7,136,332203,49,640537,1.9281493,503.40747,623.22833,16.497046
32,588,200,1,327,10,220,8,1016,220,155,8,209,231000,155,1307375,5.6596322,1297.243,2525.863,54.277058
32,589,1779,7,779,92,175,6,170,0,30,15,230,366589,0,2523003,6.8823752,2160.4712,2531.9463,116.23563
32,590,331,2,139,12,221,5,151,0,35,4,54,115135,0,817420,7.0996656,800.48828,673.38196,35.398663
32,591,540,5,297,0,268,12,385,0,32,11,238,368886,0,3086293,8.3665228,1075.7288,2673.2324,109.03175
32,592,1588,5,409,149,540,11,338,290,20,2,11,23500,10,4112920,175.01787,5628.3574,2672.1965,366.03574
32,593,47,1,107,0,570,10,304,80,151,16,126,200890,65,2809934,13.987426,2729.1013,2173.4158,234.79881
32,594,1128,7,498,94,232,11,350,0,0,15,243,498287,0,3121200,6.2638597,1360,2370.1179,111.95789
32,595,2050,7,427,2,434,15,420,0,144,12,174,367379,0,3282388,8.9346094,3770.5837,2401.6221,129.21532
32,596,640,4,1661,60,155,6,502,25,270,14,584,436000,0,1108974,2.5435183,1481.75,3648.4148,45.609257
32,597,1135,6,634,60,177,7,238,0,184,13,175,1177947,184,1974551,1.6762648,1620.4327,1165.3463,34.791443
32,598,1032,5,332,8,209,9,204,0,60,23,302,720108,0,2127789,2.9548192,1418.2892,1428.3553,81.960838
32,599,750,5,1188,65,292,12,1245,292,213,10,328,471000,63,1197412,2.5422759,1583.5048,3266.8665,42.42276
32,600,1132,6,482,108,226,12,418,0,64,15,267,727500,64,2635375,3.6225085,1589.8406,1867.2097,72.337631
32,601,2292,9,860,212,369,13,457,0,58,14,237,422000,58,3301427,7.8232865,3114.7507,3171.1189,131.52602
33,602,842,13,1594,22,240,13,522,20,103,14,265,580205,103,3728104,6.4254947,1743.8259,3818.7561,115.95692
33,604,1019,12,8371,216,260,13,1758,0,221,16,1386,464361,221,3998252,8.6102238,3181.8594,22062.77,162.76358
33,605,1063,10,421,733,534,20,302,61,94,18,132,603060,90,3936331,6.5272627,2210.5627,1584.5986,147.49072
33,606,517,7,284,596,415,19,251,54,156,16,83,344533,156,2464875,7.1542492,2048.063,1128.8027,140.46799
33,607,799,10,5591,429,645,25,799,0,198,11,848,343045,198,3458873,10.082855,3440.4053,14940.262,145.91141
33,608,627,9,15486,626,394,20,2787,0,164,16,1265,621827,65,3482056,5.5997181,1939.3538,25356.643,118.59549
33,609,781,8,290,0,345,15,233,60,88,20,118,476637,88,1726601,3.6224654,1444.777,950.45093,95.44931
33,610,1103,8,4248,226,230,13,2489,40,278,16,1417,1032830,179,2251744,2.1801691,1939.087,9826.2998,55.882706
33,611,811,6,342,213,31,4,63,0,113,15,313,369166,113,735394,1.9920415,1067.1007,1028.509,39.880623
33,612,826,12,410,21,296,15,263,36,115,22,154,746799,102,2159775,2.8920434,1454.585,1118.3746,90.624954
33,613,470,5,186,10,167,10,304,0,49,16,250,390372,44,1064493,2.7268682,770.61652,1171.717,58.62989
33,614,651,9,1195,25,333,14,234,20,49,12,72,428272,49,2722290,6.356451,1295.4661,1886.6644,99.277412
33,615,268,4,171,109,77,5,71,0,394,16,287,348811,295,565223,1.6204277,983.44855,707.06274,34.926842
33,616,336,4,125,99,156,6,98,0,246,18,267,372257,243,754894,2.027884,990.85944,764.44501,46.501911
33,617,671,8,2726,136,370,16,2699,60,177,19,870,631582,165,2605914,4.1260104,1771.3038,9014.6289,102.3942
33,618,740,12,5143,117,214,11,1023,0,408,22,2138,449060,396,1616450,3.5996304,2422.6492,13862.01,102.19186
33,619,534,7,266,106,254,12,167,30,61,16,91,446528,61,1264277,2.8313498,960.71234,690.65283,64.301598
33,620,1065,12,388,12,249,17,165,10,114,22,158,823853,114,2405890,2.9202905,1646.9131,1014.4059,93.246391
33,621,1194,14,335,713,174,11,264,66,91,15,240,721717,91,1618345,2.2423539,1572.0542,1137.1649,58.635307
33,622,776,16,477,5,286,15,718,30,83,21,346,542331,83,1339101,2.4691582,1266.9402,2049.3286,82.852325
33,623,516,6,289,4,306,13,179,0,83,18,201,583831,83,3038252,5.2039924,1253.9314,1514.0024,112.67186
33,624,565,7,9497,303,155,8,1516,0,111,13,853,345824,111,1245899,3.6026967,1119.8993,14086.101,61.835056
33,625,1316,9,2826,216,246,10,1399,0,87,11,88,478815,87,1942288,4.0564475,1914.9109,4581.9673,63.620922
33,626,1087,10,408,40,252,13,178,58,103,21,125,447657,103,1353445,3.0233974,1650.4099,963.92468,86.491348
33,627,524,9,534,10,150,9,111,9,70,10,65,282944,64,1750176,6.1855917,1106.9915,1047.0635,79.855919
33,628,1133,14,17642,911,317,15,2454,0,277,14,1180,424351,277,3077233,7.2516217,3458.6992,28652.914,130.52271
33,629,462,9,1684,798,240,12,1092,9,155,14,494,531062,155,1870374,3.5219502,1247.9023,4515.8433,70.307304
33,630,216,4,119,396,227,9,443,60,170,18,873,678945,170,1506843,2.219389,820.29614,2499.5266,52.949001
33,631,618,6,5309,495,255,11,539,0,122,19,1622,741097,119,1879809,2.5365222,1182.4557,9962.2393,65.193924
33,632,10522,10,273,612,195,12,329,35,60,14,238,335839,60,3458045,10.296735,11334.804,3052.6228,166.15428
33,633,673,8,13130,519,246,16,1441,0,63,12,1150,520969,63,2479052,4.7585402,1218.7881,20043.32,81.102478
34,634,80,1,95,5,0,0,0,,0,0,0,,,55626,0,80,95,1
34,635,626,1,310,5,75,3,244,9,103,14,444,263028,103,950289,3.6128814,1073.1268,2158.1194,54.580341
34,636,171,1,1429,21,30,1,181,0,1,1,119,2810,0,41816,14.881139,215.88113,3380.8555,16.881138
34,637,0,0,0,,62,3,63,0,30,7,95,67220,30,200222,2.9786077,151.35823,345.96771,23.850254
35,638,53,1,41,0,5,1,56,0,61,4,74,13991,51,36842,2.6332643,218.62912,291.86157,12.533057
35,639,70,1,81,0,145,2,81,0,90,7,104,41395,90,105597,2.5509603,444.58643,427.29987,20.856722
35,640,478,1,288,10,55,1,45,0,70,7,120,71432,70,238142,3.333828,766.36798,733.05933,25.336796
