lgd_state_id,lgd_district_id,pc11_tot_all_hosp,pc11_tot_all_hosp_doc_tot,pc11_tot_all_hosp_pmed_tot,pc11_tot_disp,pc11_tot_ch_cntr,pc11_tot_ph_cntr,pc11_tot_phs_cntr,pc11_tot_mcw_cntr,pc11_tot_tb_cln,pc11_tot_mh_cln,pc11_tot_fwc_cntr,pc11_tot_nh,pc11_tot_mh
01,001,13,90,343,87,7,31,43,6,0,2,20,2,0
01,002,17,152,429,66,8,43,49,49,4,2,22,1,0
01,003,10,100,291,101,6,47,40,8,3,3,70,3,1
01,004,4,103,254,87,4,20,45,14,2,13,12,0,0
01,005,16,361,916,95,5,72,86,10,2,0,0,1,1
01,007,10,89,328,56,5,47,103,1,0,0,1,0,0
01,008,9,39,52,57,18,44,48,25,4,3,26,2,0
01,010,8,95,160,16,2,24,53,4,0,0,1,1,0
01,011,11,88,177,49,7,29,34,9,2,1,9,0,0
01,012,6,77,193,86,15,42,64,10,2,5,7,1,0
01,013,3,38,64,7,1,1,0,0,0,0,1,0,0
01,014,4,78,243,74,0,28,86,8,1,0,3,0,0
01,620,2,23,44,44,1,10,21,3,0,0,5,0,0
01,621,3,44,87,33,1,14,11,0,0,0,0,1,0
01,622,6,16,50,24,2,13,22,2,1,6,16,0,0
01,623,2,2,5,39,4,9,28,0,0,1,9,0,0
01,624,9,61,124,50,6,15,20,6,0,1,2,1,0
01,625,4,11,34,15,5,13,19,2,1,4,7,0,0
01,626,4,20,60,36,10,22,26,22,5,7,9,0,0
01,627,2,6,14,50,1,28,45,39,3,1,4,0,0
02,015,3,31,290,112,5,28,40,18,0,0,20,0,0
02,016,17,64,278,177,7,50,59,42,3,2,22,0,0
02,017,4,35,94,170,3,23,72,10,0,0,14,4,0
02,018,28,167,592,528,10,80,216,66,0,0,104,8,1
02,019,5,5,6,56,5,23,6,5,2,0,4,0,0
02,020,14,60,287,101,4,16,90,19,1,0,4,1,1
02,021,2,23,43,22,4,16,8,12,2,0,7,0,0
02,022,18,124,445,284,9,52,159,38,2,4,45,0,0
02,023,19,271,612,304,4,77,72,6,0,0,9,1,1
02,024,13,74,160,130,3,37,55,17,1,7,15,1,0
02,025,17,103,251,145,2,32,72,15,0,1,23,1,0
02,026,6,28,69,153,5,20,144,32,5,1,16,0,0
03,027,68,165,941,149,38,53,77,44,9,23,20,5,4
03,028,15,72,292,98,18,49,72,98,3,84,14,8,4
03,029,13,216,169,43,7,13,33,19,1,15,7,1,1
03,030,9,109,131,23,0,3,29,4,0,1,1,4,1
03,031,25,69,214,98,27,56,49,74,16,44,36,5,1
03,032,25,88,250,154,21,60,54,46,9,19,16,14,3
03,033,90,184,319,292,81,142,174,148,67,190,80,9,1
03,034,53,192,465,190,19,40,90,98,13,33,36,18,2
03,035,42,94,160,109,43,70,55,55,22,40,28,3,1
03,036,35,144,424,223,50,105,119,97,28,25,77,3,4
03,037,6,38,160,63,8,25,89,58,7,8,3,1,3
03,038,23,55,125,88,22,43,46,37,15,13,22,6,1
03,039,17,64,165,69,7,29,52,45,0,21,20,2,2
03,040,16,48,119,100,16,31,44,46,11,15,24,0,2
03,041,33,182,1574,156,36,53,73,61,8,26,22,4,3
03,042,10,73,212,58,24,14,29,44,4,7,22,9,1
03,043,25,97,302,146,31,65,53,59,3,15,18,28,3
03,605,12,53,166,48,7,9,27,27,4,6,13,7,2
03,608,5,67,178,74,16,19,24,51,7,21,38,1,1
03,609,67,77,148,70,48,48,71,40,50,80,19,2,1
03,651,16,60,174,84,11,29,48,32,5,6,17,1,1
03,662,15,51,130,60,15,31,24,15,4,10,5,3,1
04,044,6,1052,4094,51,0,0,0,0,0,0,0,0,6
05,045,46,104,354,24,4,8,136,57,0,11,44,3,2
05,046,16,35,55,6,2,14,84,14,1,8,25,2,2
05,047,27,90,161,25,3,7,94,40,0,3,40,0,6
05,048,13,49,79,6,1,7,65,19,1,10,15,3,4
05,049,65,243,632,74,8,54,162,52,15,17,40,60,5
05,050,21,151,638,36,2,1,169,135,2,9,43,22,4
05,051,41,344,695,25,4,19,129,57,6,18,46,5,7
05,052,107,179,752,43,4,72,1138,69,4,13,69,3,1
05,053,52,129,326,13,2,18,128,40,1,2,57,1,3
05,054,23,52,128,20,5,24,65,21,5,15,22,2,1
05,055,36,72,232,36,3,22,196,6,0,5,55,1,1
05,056,19,138,325,20,0,25,129,50,3,3,14,5,3
05,057,24,70,193,29,3,11,77,29,3,7,18,0,2
06,058,7,86,249,24,3,14,90,2,1,0,0,0,2
06,059,5,89,612,30,4,23,93,32,0,0,9,0,1
06,060,3,136,401,47,2,9,40,4,1,0,1,0,1
06,061,4,75,163,23,3,15,98,0,0,0,0,0,1
06,062,8,110,227,27,1,8,51,7,0,0,0,0,1
06,063,6,80,411,53,5,26,180,60,0,0,9,0,1
06,064,3,60,166,33,5,23,142,15,0,0,0,0,2
06,065,5,59,289,38,3,25,148,140,6,0,18,0,1
06,066,4,48,259,31,3,16,137,1,0,0,5,0,1
06,067,7,83,500,41,1,19,119,2,0,0,0,0,1
06,068,5,56,297,19,2,17,101,54,0,0,0,0,2
06,069,5,62,195,30,1,19,95,29,0,0,4,0,1
06,070,5,89,312,26,0,5,31,0,0,0,0,0,1
06,071,4,35,124,33,2,11,81,10,3,0,0,0,1
06,072,3,41,174,26,4,10,110,31,0,0,2,0,1
06,073,5,675,1163,36,3,18,102,15,0,0,5,0,1
06,074,6,62,294,40,4,16,136,73,0,0,2,0,1
06,075,5,320,408,32,4,24,165,25,17,0,3,0,1
06,076,8,100,181,26,2,12,105,27,0,0,0,0,1
06,604,7,78,190,32,0,7,79,0,0,0,2,0,1
06,619,4,62,230,26,2,8,86,0,0,0,8,0,1
06,701,1,11,31,24,3,9,57,19,0,0,7,0,0
07,077,0,0,0,0,0,0,0,0,0,0,0,0,0
07,078,6,80,164,14,0,0,0,0,0,1,0,10,0
07,079,0,0,0,0,0,0,0,0,0,0,0,0,0
07,080,0,0,0,11,1,2,2,0,0,1,0,4,0
07,081,0,0,0,29,0,0,0,0,0,0,0,8,0
07,082,7,263.0303030014038,714,43,0,0,0,0,0,0,0,11,2
07,083,2,14.60869562625885,60,21,0,0,0,0,0,0,0,3,3
07,084,3,110,89,29,5,1,5,1,0,3,7,1,0
07,085,0,0,0,10,1,0,0,1,0,0,1,13,0
08,086,33,424,1326,89,17,72,369,161,5,3,46,0,3
08,087,22,172,641,165,28,114,522,295,3,3,78,0,3
08,088,7,63,193,54,14,91,511,134,2,7,27,0,1
08,089,11,103,263,38,11,49,224,48,2,2,23,0,1
08,090,5,77,216,38,16,124,985,162,5,1,40,0,1
08,091,18,147,331,82,13,94,354,215,1,2,45,0,3
08,092,26,195,657,110,25,112,526,170,4,6,50,0,1
08,093,18,345,1495,109,14,64,405,214,2,4,73,0,1
08,094,14,84,239,52,14,46,204,72,2,2,18,0,1
08,095,20,90,349,52,17,77,371,79,1,3,28,0,1
08,096,19,175,391,90,10,88,431,191,5,1,36,0,2
08,097,9,59,160,45,8,53,246,134,2,0,35,0,1
08,098,8,60,200,25,5,42,152,57,1,0,13,0,1
08,099,10,112,279,55,18,82,503,132,6,1,33,0,1
08,100,23,157,328,56,3,60,434,88,0,0,46,0,2
08,101,8,92,281,85,16,50,335,195,4,2,64,0,1
08,102,32,172,406,196,36,137,541,325,12,3,107,0,0
08,103,4,71,164,20,4,29,300,34,3,1,11,0,1
08,104,8,59,168,59,15,77,528,255,6,0,72,0,1
08,105,20,230,402,38,8,53,276,52,0,2,15,0,2
08,106,39,150,455,134,26,104,516,208,3,8,62,0,2
08,107,20,377,1730,86,20,182,924,241,5,8,82,0,1
08,108,5,88,276,59,21,36,293,144,5,0,32,0,2
08,109,18,280,790,59,5,36,160,51,4,3,13,0,1
08,110,42,177,480,148,36,141,808,322,12,0,110,0,1
08,111,28,191,512,112,35,102,544,164,3,1,59,0,2
08,112,11,124,298,36,12,56,299,65,2,0,20,0,1
08,113,6,92,252,58,12,37,217,101,1,0,37,0,2
08,114,47,206,607,142,29,124,628,263,5,1,70,0,2
08,115,16,73,224,64,14,43,213,117,5,7,35,0,2
08,116,12,110,375,75,16,76,294,91,5,2,24,0,1
08,117,25,130,367,95,16,138,799,183,14,7,37,0,1
08,629,7,54,172,17,5,40,197,54,1,3,5,0,1
09,118,127,282,1772,66,19,41,26,66,7,32,57,28,0
09,119,18,100,122,23,13,30,10,55,7,3,46,119,0
09,120,32,137,214,57,19,53,20,45,7,23,27,4,1
09,121,12,66.14285714924335,143,11,7,20,40,32,1,3,56,18,0
09,122,31,101,221,25,1,14,53,70,16,16,70,0,0
09,123,14,86,122,23,44,49,11,112,2,45,114,5,1
09,124,20,122,214,9,5,20,11,34,2,0,28,2,0
09,125,9,58,225,16,8,35,8,80,2,13,87,0,0
09,126,11,42,159,8,12,52,16,1693,0,13,1693,16,3
09,127,12,60,175,24,2,14,3,23,0,2,26,7,0
09,128,66,170,256,17,7,43,7,35,4,3,12,7,2
09,129,27,117,264,37,15,43,71,65,10,2,32,13,1
09,130,30,111,633,27,14,48,52,57,6,6,53,17,0
09,131,3,59,241,0,8,19,11,16,2,9,17,0,0
09,132,35,129,190,35,8,31,62,44,4,6,41,23,0
09,133,27,116,471,43,8,33,10,54,8,11,72,11,0
09,134,19,115,362,30,17,44,13,71,8,7,60,21,0
09,135,11,89,213,7,7,20,7,47,6,10,50,0,2
09,136,10,57,99,4,5,25,5,36,2,2,29,0,0
09,137,19,116,306,15,11,53,9,115,8,15,119,1,2
09,138,12,87,254,9,4,27,8,43,1,8,44,0,0
09,139,14,71,32,10,6,23,29,16,7,7,15,0,1
09,140,23,126,307,45,7,8,6,75,6,2,37,2,0
09,141,30,216,155,24,4,24,4,23,2,22,28,0,0
09,142,24,54,134,12,3,34,11,40,8,5,26,1,3
09,143,16,78,305,12,9,46,33,58,2,2,54,0,1
09,144,11,27.61538457870483,80,14,11,22,27,28,4,2,21,2,7
09,145,13,120.4615383148193,362,57,4,12,28,21,3,0,24,138,0
09,146,11,66,215,30,15,50,14,98,3,21,103,6,0
09,147,9,61,221,6,11,41,11,62,7,13,66,0,1
09,148,27,93,262,34,15,44,9,115,5,19,124,34,2
09,149,22,87,181,12,20,50,36,33,3,0,24,0,0
09,150,57,125,440,57,18,33,16,15,35,25,14,0,0
09,151,37,163,395,31,3,22,84,68,11,16,24,0,1
09,152,16,88,247,19,13,43,15,91,0,15,97,2,0
09,153,30,127,837,82,7,28,67,25,4,29,30,1,2
09,154,13,83,102,15,7,24,6,27,3,1,27,14,0
09,155,9,39,152,12,10,22,36,11,1,2,0,5,0
09,156,19,28,134,20,8,20,94,34,5,7,36,0,0
09,157,75,403,2160,46,10,32,9,38,6,2,35,4,1
09,158,12,51,135,10,4,21,4,14,5,5,11,1,0
09,159,13,38,105,20,17,68,69,63,12,7,69,6,1
09,160,35,90,207,27,12,42,13,120,23,15,136,1,0
09,161,18,51,64,19,5,20,59,19,10,1,21,0,2
09,162,83,181,308,366,3,20,53,38,11,11,19,239,0
09,163,13,86,328,22,3,22,3,30,2,0,34,0,2
09,164,10,54,309,6,9,25,8,15,0,10,18,0,0
09,165,12,56,100,8,3,14,31,27,0,1,21,0,0
09,166,21,106,416,18,8,38,7,41,8,9,28,1,0
09,167,20,86,246,23,15,22,11,40,7,3,48,49,8
09,168,10,64,134,8,6,26,10,34,0,6,34,1,0
09,169,29,132,442,40,12,32,11,72,11,14,64,50,2
09,170,18,112,308,7,8,19,10,66,5,12,66,0,2
09,171,18,123,251,31,3,27,68,45,3,5,36,150,1
09,172,27,64,221,21,6,38,28,145,8,6,65,10,0
09,173,12,59,56,18,8,26,36,28,5,1,31,1,0
09,174,30,78,127,56,49,72,63,90,9,37,77,1,0
09,175,17,75,231,38,9,27,43,66,8,26,58,31,0
09,176,15,61,192,19,5,25,4,438,4,3,26,0,0
09,177,28,121,410,15,13,36,14,49,2,0,44,8,0
09,178,11,61,155,3,4,15,3,39,7,4,42,0,0
09,179,7,46,71,7,3,11,2,21,1,3,21,0,0
09,180,9,89,497,13,9,34,8,63,4,9,57,2,0
09,181,6,24,36,7,6,10,5,33,5,6,34,1,1
09,182,6,14,42,7,10,42,10,52,0,10,52,0,0
09,183,37,150,567,24,27,74,44,90,14,13,75,2,1
09,184,18,117,339,16,3,14,4,40,12,8,48,1,0
09,185,18,61,226,27,6,27,7,56,6,2,29,0,0
09,186,24,95,359,25,12,35,15,37,22,10,18,0,0
09,187,31,195,878,33,5,15,5,1054,16,12,1055,3,0
09,633,14,45,206,10,4,25,5,32,6,6,33,0,1
09,640,19,40,66,13,2,4,8,32,1,17,40,0,1
09,659,8,26,88,5,7,17,49,29,2,2,25,2,0
09,660,13,53,142,12,4,23,10,46,5,0,29,16,0
09,661,9,39,104,12,10,31,57,27,8,4,19,8,1
10,188,1,17,69,36,2,29,135,132,29,0,132,0,0
10,189,4,20,48,278,1,65,279,282,274,0,280,4,2
10,190,1,16,60,28,1,29,179,89,81,0,79,8,0
10,191,4,48,99,39,1,26,163,162,28,0,163,24,0
10,192,6,67,108,72,1,45,210,204,51,0,196,2,0
10,193,2,25,140,26,0,92,233,98,95,0,116,4,0
10,194,5,19,53,20,4,36,231,46,37,0,39,0,0
10,195,3,152,225,24,1,43,267,55,51,0,50,0,0
10,196,3,21,184,74,0,71,445,97,75,0,95,10,0
10,197,4,25,40,15,1,10,151,149,16,0,152,9,0
10,198,3,26,50,32,2,27,120,37,36,0,36,21,3
10,199,3,13,34,40,1,23,111,113,24,0,112,13,0
10,200,2,24,45,73,0,19,215,210,45,0,216,0,1
10,201,3,287,715,37,1,23,231,32,26,0,33,2,2
10,202,1,17,55,32,0,20,134,132,20,0,131,15,0
10,203,1,21,81,10,0,9,95,97,12,0,92,16,0
10,204,3,38,131,10,0,18,111,109,18,0,110,5,1
10,205,1,9,0,13,0,30,144,144,30,0,32,3,1
10,206,2,27,70,81,3,56,354,73,59,0,85,4,0
10,207,2,32,145,24,2,10,122,26,10,0,26,15,0
10,208,4,118,236,36,0,24,346,100,31,0,98,47,3
10,209,5,39,73,15,3,40,319,51,44,0,58,29,0
10,210,1,62,181,62,1,10,226,216,58,0,215,10,1
10,211,4,41,82,50,2,41,391,250,52,0,58,17,0
10,212,15,579.6428565979004,3347,129,0,97,258,116,98,0,105,46,5
10,213,5,42,75,41,0,40,434,385,48,0,405,20,3
10,214,1,30,239,9,2,18,215,18,19,0,18,1,1
10,215,3,14,85,104,1,73,180,181,88,0,187,12,1
10,216,1,14,107,6,0,10,138,16,15,0,11,0,0
10,217,5,19,60,71,1,48,332,327,49,0,323,19,0
10,218,4,288,2134,32,2,24,275,48,34,0,47,57,0
10,219,2,50,86,19,0,17,94,96,17,0,95,37,0
10,220,1,70,240,9,0,5,62,5,5,0,7,3,1
10,221,1,10,57,53,1,44,257,252,45,0,253,0,0
10,222,2,19,60,39,2,43,417,83,63,0,65,27,0
10,223,1,23,69,25,2,24,147,52,26,0,148,2,0
10,224,2,20,70,2,2,33,279,306,50,0,59,0,0
10,611,1,10,25,5,0,26,71,69,28,0,69,0,1
11,225,2,124,91,46,0,6,42,7,6,0,47,0,1
11,226,1,8,49,22,0,3,22,3,3,0,23,0,1
11,227,2,26,46,44,0,5,40,41,5,0,42,0,1
11,228,1,13,30,43,0,7,41,7,7,0,46,0,1
12,229,2,9,51,3,2,6,23,0,0,0,0,0,1
12,230,1,2,37,1,0,1,2,0,0,0,0,0,1
12,231,1,7,12,1,1,5,26,1,0,0,1,0,0
12,232,2,39,95,5,2,6,16,0,1,0,0,0,1
12,233,1,14,7,0,0,3,15,0,0,0,0,0,0
12,234,1,10,85,3,0,3,13,0,0,0,0,0,1
12,235,4,37,61,1,2,4,19,0,1,0,0,0,1
12,236,1,14,114,0,0,3,24,9,0,1,4,0,0
12,237,3,72,86,5,3,6,40,1,1,1,1,0,1
12,238,3,11,35,4,1,6,16,2,0,2,3,0,1
12,239,1,10,98,1,0,5,18,0,0,0,0,0,0
12,240,1,13,24,3,1,1,14,0,1,0,0,0,1
12,241,1,36,25,6,4,6,39,5,0,0,0,0,0
12,242,2,11,34,5,2,5,33,4,3,0,1,0,1
12,243,1,18,41,1,1,5,9,0,0,0,0,0,1
12,628,1,9,35,0,1,3,17,0,0,0,0,0,0
12,666,2,17,79,0,1,1,17,0,0,0,0,0,0
12,677,0,0,0,0,0,6,14,0,0,0,0,0,0
12,678,1,7,47,7,2,4,17,2,0,0,2,0,0
12,679,7,0,0,1,1,6,23,1,0,0,1,0,0
12,718,0,0,0,2,0,3,12,1,0,1,0,0,0
12,719,0,0,0,2,2,4,13,0,0,0,0,0,0
12,723,1,3,0,1,1,2,15,1,1,0,1,0,0
12,724,1,8,65,1,0,2,9,0,0,0,0,0,0
12,725,0,0,0,0,1,2,3,0,0,0,0,0,0
13,244,9,130,330,10,2,9,30,0,1,0,3,9,1
13,245,7,45,150,6,8,11,13,1,1,0,0,4,1
13,246,2,18,45,10,5,13,33,0,0,1,0,2,1
13,247,1,10,20,14,2,8,41,0,0,0,0,0,1
13,248,1,12,20,7,3,15,36,0,0,0,0,0,1
13,249,1,18,30,14,3,11,20,5,1,0,0,0,1
13,250,1,12,23,12,2,18,25,0,0,0,2,1,1
13,251,1,8,18,29,3,11,25,1,0,0,1,0,1
13,613,3,8,18,7,1,7,14,0,0,0,0,0,1
13,614,1,8,15,5,1,2,4,1,0,0,0,0,1
13,615,1,8,10,2,0,3,4,0,0,0,0,0,1
14,252,1,24,24,6,0,4,15,0,0,0,0,1,0
14,253,0,0,0,0,0,2,10,0,0,0,0,0,0
14,254,2,10,17,14,0,7,40,2,2,0,3,1,0
14,255,2,132,360,23,1,17,24,0,0,0,0,13,0
14,256,1,247,622,30,0,11,35,0,0,0,0,45,0
14,257,0,0,0,4,1,16,23,0,0,0,2,0,0
14,258,1,7,15,3,0,4,11,0,0,0,0,1,0
14,259,3,19,53,9,1,7,14,0,0,0,0,0,0
14,260,1,7,12,3,0,4,17,0,0,0,0,0,0
14,711,0,0,0,3,0,6,10,0,0,1,1,0,0
14,712,1,9,20,6,0,9,30,0,0,0,0,0,0
14,713,0,0,0,0,1,4,5,0,0,0,0,0,0
14,714,0,0,0,1,1,3,8,0,1,0,0,0,0
14,715,0,0,0,6,1,3,17,2,1,0,1,0,0
14,716,1,5,10,2,0,3,4,0,0,0,0,0,0
14,717,0,0,0,1,1,2,20,0,0,0,0,0,0
15,261,3,15,26,55,12,6,29,2,1,10,3,0,2
15,262,2,12,31,12,4,7,24,4,2,1,0,0,1
15,263,4,17,60,4,0,1,15,1,0,0,1,0,0
15,264,1,1,0,27,6,13,28,2,1,11,1,0,1
15,265,2,5,12,18,2,6,27,4,0,0,0,0,1
15,266,8,6,12,7,1,9,32,1,0,1,0,0,1
15,267,1,11,7,0,2,4,25,2,1,1,1,0,1
15,268,4,12,15,6,2,7,25,4,3,3,4,0,1
15,726,0,0,0,0,1,4,14,11,0,0,3,0,0
15,727,4,0,5,7,3,7,25,5,4,2,2,0,0
15,728,0,0,0,2,0,3,22,2,0,3,0,0,0
16,269,7,31,157,52,2,15,73,12,2,3,27,0,0
16,270,10,43,124,26,1,14,46,9,3,0,0,0,0
16,271,14,44,104,106,4,14,75,21,4,2,9,0,0
16,272,13,389,287,50,2,8,29,9,1,12,1,5,0
16,652,8,23,100,17,2,7,34,9,3,3,5,0,0
16,653,9,20,34,25,3,8,50,5,7,4,7,0,0
16,654,13,69,85,56,2,12,36,17,3,1,1,0,0
16,655,3,26,69,17,1,10,29,6,2,0,4,0,0
17,273,1,25,45,0,1,7,20,8,0,0,8,0,1
17,274,1,63,41,16,4,22,58,26,0,0,26,0,1
17,275,1,25,40,3,3,12,41,15,0,0,15,0,1
17,276,1,17,45,1,3,7,25,10,0,0,10,0,1
17,277,1,25,45,0,0,6,19,6,0,0,6,0,1
17,278,1,40,64,5,5,10,53,15,0,0,15,0,1
17,279,2,50,90,1,2,15,43,17,0,0,17,0,1
17,656,0,0,0,0,0,9,40,9,0,0,9,0,0
17,657,0,0,0,0,2,6,33,8,0,0,8,0,0
17,658,0,0,0,0,2,4,18,6,0,0,6,0,0
17,663,0,0,0,0,1,9,22,10,0,0,10,0,0
18,280,19,67,167,28,5,55,274,13,3,2,63,0,0
18,281,4,51,93,14,0,12,57,8,4,0,10,0,1
18,282,9,37,95,35,5,75,113,24,11,23,93,3,1
18,283,5,32,80,10,2,20,149,7,2,2,208,1,1
18,284,6,17,44,4,2,25,66,10,3,1,5,0,0
18,285,13,85,173,28,4,46,122,27,1,2,59,1,0
18,286,11,135,344,22,8,47,242,4,1,1,22,0,1
18,287,8,45,125,26,1,24,103,2,1,0,39,1,0
18,288,11,50,141,10,5,47,121,20,1,1,18,0,2
18,289,4,41,80,7,4,22,47,4,2,82,59,0,1
18,290,9,100,250,24,3,30,84,3,2,0,8,0,3
18,291,13,42,121,17,7,34,103,14,2,2,53,0,1
18,292,2,8,23,10,0,17,23,1,0,0,1,0,0
18,293,6,58,121,9,2,8,54,2,3,3,49,0,1
18,294,4,20,48,39,3,25,122,11,1,0,12,1,1
18,295,8,36,101,13,6,20,165,6,3,2,22,0,0
18,296,6,35,105,26,5,41,111,4,1,4,46,1,2
18,297,21,130,271,26,6,56,209,26,9,1,131,1,6
18,298,9,47,120,22,8,40,98,3,4,3,31,0,1
18,299,4,35,80,11,0,18,16,3,0,0,23,0,0
18,300,8,34,71,12,1,38,145,5,4,1,21,1,1
18,301,9,92,202,22,8,27,124,11,9,1,36,1,2
18,302,12,97,248,17,2,31,104,9,0,1,21,1,0
18,612,3,7,21,7,2,13,44,3,2,0,16,0,0
18,616,6,9,28,12,8,47,85,10,12,4,38,0,0
18,617,9,26,64,21,3,45,147,18,16,9,68,0,0
18,618,4,17,34,15,1,10,25,2,1,0,8,1,0
18,705,2,17,50,4,0,20,110,1,2,2,11,0,2
18,706,0,0,0,1,2,20,22,1,0,0,4,0,0
18,707,3,8,29,4,1,4,31,3,0,0,36,0,0
18,708,2,3,10,16,0,20,101,1,4,0,13,0,0
18,709,5,37,80,9,3,7,61,1,1,0,31,0,0
18,710,5,40,88,10,3,6,14,1,0,1,3,1,1
19,303,81,432.7999997138977,860,798,26,98,586,137,62,40,73,46,13
19,304,74,119.7410714030266,201,783,48,444,814,270,63,36,27176,16,0
19,305,70,203,400,196,73,137,470,204,79,80,180,5,0
19,306,121,427.4736843109131,1210,563,107,170,595,251,109,74,3900,95,0
19,307,24,83,136,149,36,94,441,112,38,8,62,8,0
19,308,29,147,281,149,35,59,349,149,19,12,41,9,1
19,309,20,105,51,122,13,99,131,28,11,7,16,10,0
19,310,13,113,350,68,21,46,213,134,11,6,37,4,0
19,311,31,177,166,196,7,32,304,93,33,11,70,12,1
19,312,78,292.8333330154419,469,464,297,187,480,191,100,120,129,36,14
19,313,41,788.3360657691956,201,368,23,39,224,63,24,2,58,165,6
19,314,28,103.8529412746429,77,224,11,34,209,92,18,3,24,33,5
19,315,48,0,0,44,0,0,0,0,0,0,0,0,0
19,316,27,109,116,370,6,64,375,314,101,2,173,3,0
19,317,71,189,293,434,91,133,837,440,81,39,295,19,2
19,318,130,198,274,382,87,152,712,212,144,86,169,34,0
19,319,60,416,516,489,44,121,631,152,68,15,133,22,1
19,320,55,359,672,280,57,94,355,134,60,68,91,17,17
19,321,105,104,903,175,72,150,408,251,74,60,169,3,1
19,664,19,50,149,87,12,12,186,40,33,2,18,0,0
19,702,4,2,3,11,3,7,46,9,0,2,3,0,0
19,703,15,26,19,58,19,68,216,97,34,17,40,0,0
19,704,28,81,111,104,6,51,100,42,14,9,62,7,0
20,322,41,355,1532,101,0,20,94,20,6,9,13,17,2
20,323,50,88,128,60,3,71,121,74,55,22,44,1,2
20,324,27,51,102,37,0,45,112,44,6,6,16,2,0
20,325,50,339,222,140,1,42,112,35,11,8,19,71,10
20,326,45,102,194,69,0,70,227,95,16,21,29,3,1
20,327,46,98,649,228,4,15,117,37,7,12,26,51,5
20,328,34,47,77,88,7,47,140,48,19,26,44,1,1
20,329,45,92,472,200,10,26,192,61,19,22,46,24,2
20,330,35,47,139,53,1,48,120,38,12,28,23,1,2
20,331,43,61,103,47,0,48,242,147,8,11,39,1,0
20,332,36,113,209,42,10,43,130,30,3,4,14,10,0
20,333,10,17,50,41,3,23,91,51,10,15,31,8,1
20,334,44,75,127,111,0,9,120,72,37,10,52,7,3
20,335,16,23,43,30,0,22,94,54,4,2,4,2,3
20,336,25,38,68,21,0,25,94,36,15,12,30,7,3
20,337,18,27,71,41,0,13,92,16,8,16,17,2,3
20,338,46,71,158,24,0,79,117,101,6,25,19,2,6
20,339,81,1752,2817,82,0,57,269,86,18,10,38,19,1
20,340,23,45,101,36,1,36,84,13,3,5,10,2,2
20,341,38,74,84,40,5,20,106,144,5,5,10,7,6
20,342,19,30,81,35,0,17,131,29,7,16,26,1,2
20,343,56,119,355,114,0,22,1211,145,22,33,50,8,4
20,606,46,53,124,14,4,18,105,90,6,12,10,1,1
20,607,38,137,541,37,2,9,81,9,0,1,6,25,2
21,344,12,112,217,31,1,4,154,6,3,1,6,1,1
21,345,10,73,147,57,6,6,215,25,10,1,20,0,1
21,346,10,94,139,55,6,4,189,2,0,0,10,11,0
21,347,6,61,151,36,4,5,184,10,7,1,12,5,3
21,348,6,53,161,60,5,1,152,37,4,0,11,4,1
21,349,8,85,91,18,1,2,57,6,5,0,5,0,0
21,350,22,329,2000,43,7,4,294,19,9,0,11,16,1
21,351,3,30,37,13,1,2,42,6,17,0,3,0,1
21,352,19,179,282,64,4,3,149,42,6,1,25,3,0
21,353,7,51,83,21,0,3,126,11,4,1,6,4,4
21,354,38,271,1621,147,7,9,387,82,13,0,56,15,1
21,355,6,143,841,7,4,4,160,2,0,0,0,0,1
21,356,6,52,69,42,5,2,202,68,1,0,18,0,0
21,357,9,70,65,15,2,3,59,3,2,0,2,8,0
21,358,14,147,200,54,1,4,222,28,12,0,23,4,3
21,359,10,105,252,68,6,5,146,36,47,0,23,0,3
21,360,3,16,38,44,6,2,209,26,2,0,8,6,0
21,361,15,125,869,87,9,4,328,10,6,0,17,2,4
21,362,17,366,1788,61,1,4,170,34,2,0,12,33,0
21,363,19,116,351,56,5,5,252,26,11,0,29,0,3
21,364,4,37,76,15,4,2,97,5,7,0,14,0,1
21,365,16,163,269,29,16,12,574,40,14,0,11,8,1
21,366,19,123,177,36,5,4,258,12,5,1,20,1,1
21,367,10,78,192,50,4,2,140,22,8,0,14,9,1
21,368,7,57,91,19,6,19,87,12,2,0,16,0,1
21,369,15,87,152,45,6,4,190,10,1,0,18,8,2
21,370,6,50,165,34,3,4,186,4,43,0,13,1,1
21,371,8,129,1752,37,7,3,154,8,8,0,12,0,1
21,372,6,55,447,25,2,1,75,12,0,0,7,1,1
21,373,22,270,993,89,11,5,342,30,9,0,21,20,4
22,374,17,133,309,51,4,36,213,64,5,3,0,0,0
22,375,6,5,25,38,2,49,233,22,5,6,0,0,0
22,376,7,73,341,16,2,8,52,5,0,0,0,0,0
22,377,7,111,610,63,1,22,157,31,4,7,0,0,0
22,378,10,59,184,398,2,12,98,58,1,13,0,0,0
22,379,10,34,118,41,3,39,238,24,4,1,0,0,0
22,380,4,41,134,14,5,32,245,38,5,9,0,0,1
22,381,6,53,171,35,4,31,202,53,9,10,0,0,1
22,382,6,44,109,25,0,22,136,25,3,5,0,0,0
22,383,4,35,175,44,2,33,192,33,10,14,0,0,0
22,384,10,28,152,30,2,24,135,12,8,7,0,0,0
22,385,6,42,155,51,0,28,210,61,6,10,0,0,0
22,386,17,47,122,38,3,50,322,40,9,12,0,0,0
22,387,94,374,2514,124,1,18,132,12,3,22,0,0,2
22,388,6,65,191,52,3,46,311,62,3,5,0,0,0
22,389,10,50,115,15,4,24,183,25,4,4,0,0,0
22,636,3,28,8,9,3,10,68,10,0,2,0,0,3
22,637,1,24,47,6,1,8,57,18,1,0,0,0,0
22,642,2,5,44,10,1,13,49,6,0,0,0,0,0
22,643,3,22,62,23,1,19,151,16,3,0,0,0,0
22,644,9,75,176,61,0,25,210,23,3,7,0,0,0
22,645,4,25,103,28,2,16,188,10,5,7,0,0,0
22,646,12,36,130,49,0,25,181,34,3,4,0,0,1
22,647,4,7,45,26,0,24,106,14,12,3,0,0,0
22,648,6,25,123,33,3,37,201,54,10,11,0,0,1
22,649,5,29,156,10,1,24,182,13,3,9,0,0,1
22,650,8,39,126,44,1,18,123,83,4,5,0,0,0
23,390,1,19,20,9,1,16,85,33,0,3,8,0,1
23,391,1,38,135,32,0,8,71,5,2,3,1,0,1
23,392,17,60,262,49,2,41,142,30,1,9,16,0,2
23,393,2,57,339,17,3,32,167,31,5,75,28,0,1
23,394,3,36,275,56,3,25,175,29,4,119,45,0,2
23,395,11,57,53,48,3,21,106,13,2,0,18,0,1
23,396,16,271,3001,48,0,9,34,15,0,9,9,0,4
23,397,7,42,186,15,1,15,154,29,1,9,9,0,1
23,398,2,55,284,20,1,29,165,23,2,9,23,0,1
23,399,12,91,381,38,6,49,211,26,1,18,19,0,2
23,400,1,26,21,35,1,14,89,17,0,0,18,0,1
23,401,2,19,84,12,0,10,85,17,1,3,9,0,0
23,402,1,63,440,28,0,18,146,20,0,0,23,0,2
23,403,2,57.07692289352417,20,34,4,45,212,40,3,146,27,0,3
23,404,1,30,132,5,5,16,111,15,0,8,10,0,1
23,405,2,67,0,23,4,25,144,29,2,1,22,0,1
23,406,1,69,241,30,2,13,116,133,1,9,126,0,1
23,407,6,55,241,59,1,12,73,19,1,390,7,0,3
23,408,1,27,159,9,0,5,43,5,1,4,8,0,0
23,409,8,25,229,47,1,10,118,13,0,9,0,0,2
23,410,6,72,105,28,0,23,89,16,4,17,28,0,4
23,411,4,39,281,27,0,11,138,14,2,16,10,0,10
23,412,2,20,90,37,1,13,123,32,0,20,4,0,2
23,413,12,76,350,33,4,19,121,32,2,5,18,0,1
23,414,24,67,413,32,3,57,173,43,5,81,30,0,1
23,415,2,62,279,14,5,24,186,18,2,40,6,0,1
23,416,20,93,487,23,0,28,144,32,0,3,12,0,0
23,417,2,63,301,34,0,19,154,29,0,14,19,0,0
23,418,1,38,206,43,0,18,117,5,2,8,7,0,1
23,419,18,60,225,19,0,12,90,12,0,7,12,0,1
23,420,1,39,201,14,2,16,86,24,2,1,11,0,0
23,421,5,31,226,26,0,18,78,9,1,9,21,0,1
23,422,2,54,404,25,0,20,104,15,0,11,9,0,1
23,423,24,73,798,21,1,21,99,40,2,39,17,0,2
23,424,10,255,1115,23,3,22,265,11,0,0,11,0,2
23,425,15,64,358,53,4,22,148,14,2,3,24,0,1
23,426,1,25,210,50,2,43,192,26,2,13,17,0,1
23,427,10,53,148,40,2,17,111,138,2,13,157,0,0
23,428,3,63,219,19,5,25,257,11,0,27,26,0,1
23,429,4,57,240,11,2,20,69,51,1,11,6,0,2
23,430,4,42,38,27,1,17,39,8,0,2,13,0,1
23,431,9,48,164,25,1,9,76,9,0,15,22,0,1
23,432,10,36,129,41,1,12,144,74,2,32,52,0,1
23,433,1,42,264,11,3,24,51,20,1,5,9,0,1
23,434,3,5,21,24,0,10,93,15,0,5,7,0,0
23,435,8,87.55555534362793,517,29,2,20,90,19,0,0,24,0,1
23,436,1,10,109,22,0,8,73,12,0,15,10,0,2
23,437,3,79,324,13,3,17,111,20,2,19,18,0,1
23,638,1,42,103,16,2,11,84,8,2,4,5,0,1
23,639,1,15,72,20,3,9,66,1,1,16,7,0,1
23,667,0,0,0,10,0,2,34,3,0,2,1,0,0
23,722,2,4,4,9,0,3,43,14,0,7,10,0,1
24,438,12,365,1410,101,2,29,170,50,9,10,26,8,0
24,439,15,72,307,15,7,42,222,85,1,8,24,2,0
24,440,10,437,678,13,6,45,251,51,1,0,0,7,0
24,441,8,55,256,15,15,76,383,0,0,16,0,4,0
24,442,12,46,93,13,5,35,188,3,3,4,0,4,0
24,443,11,323,526,35,6,40,256,65,2,1,2,6,0
24,444,1,10,50,9,1,8,37,0,0,2,0,0,0
24,445,5,35,123,6,8,66,371,23,20,7,0,4,0
24,446,6,75,104,18,5,24,146,29,8,0,6,4,0
24,447,8,341,1478,30,2,25,136,0,0,1,1,2,0
24,448,7,62,384,24,4,31,214,27,0,5,28,4,0
24,449,15,109,356,52,10,46,252,66,1,13,10,5,0
24,450,7,63,163,28,5,44,263,3,0,3,17,2,0
24,451,7,95,228,15,8,50,277,0,1,1,0,2,0
24,452,4,19,81,5,3,23,126,0,0,1,0,1,0
24,453,6,72,57,22,7,39,249,39,14,18,42,1,0
24,454,8,32,94,64,4,44,259,11,11,55,3,3,0
24,455,5,31,68,7,11,36,202,64,0,3,1,2,0
24,456,4,20,30,16,3,10,63,0,0,18,2,1,0
24,457,17,466,968,29,8,33,221,15,3,0,7,6,0
24,458,15,38,54,24,6,38,218,65,12,33,13,3,0
24,459,7,389,715,40,11,44,315,7,4,5,4,0,0
24,460,8,48,140,22,6,29,169,4,1,12,1,2,0
24,461,15,613,1826,43,3,35,222,30,4,3,12,4,0
24,462,10,351,951,31,6,37,284,19,1,26,2,3,0
24,641,14,24,21,8,4,27,202,1,14,38,0,2,0
24,668,8,20,61,14,4,38,219,8,5,80,5,0,0
24,669,3,19,52,11,4,27,173,4,14,24,2,1,0
24,672,16,16,3,11,8,30,145,20,11,2,15,0,0
24,673,0,0,0,4,2,16,107,2,0,2,1,0,0
24,674,4,28,35,11,1,12,90,0,0,1,2,1,0
24,675,5,18,34,6,2,26,138,0,0,1,0,1,0
24,676,2,7,12,5,2,10,63,1,0,0,0,0,0
25,463,2,15,22,9,0,0,12,0,0,0,0,1,0
25,464,1,2,0,1,0,1,3,1,0,0,0,1,0
26,465,1,54,280,12,1,4,36,8,0,0,2,1,1
27,466,208,694,1106,212,19,91,579,107,107,70,107,2,3
27,467,35,323,442,91,2,28,178,30,30,34,28,1,0
27,468,69,184,710,167,2,55,331,57,57,51,55,1,1
27,469,68,120,331,112,8,47,294,55,55,28,55,5,2
27,470,71,322,622,92,5,49,288,54,54,54,54,4,2
27,471,40,110,450,82,5,31,190,36,36,2,31,1,0
27,472,67,168,750,113,5,50,282,55,55,24,50,2,0
27,473,77,151,395,130,4,54,322,58,58,27,54,0,0
27,474,53,229,337,115,4,41,236,45,45,55,41,4,3
27,475,50,97,284,112,6,45,369,51,51,35,45,3,3
27,476,46,100,274,111,8,39,235,46,46,29,39,1,1
27,477,29,159,120,35,2,24,139,27,27,35,27,0,0
27,478,103,201,530,185,8,78,449,86,86,53,78,4,2
27,479,52,165,382,63,7,40,229,47,47,23,47,0,1
27,480,100,251,869,205,16,69,424,85,85,32,85,1,2
27,481,60,165,192,88,8,46,256,54,54,21,54,2,0
27,482,19,1971,3091,102,0,0,0,0,0,0,0,0,0
27,483,17,146,486,196,0,0,0,0,0,0,0,19,2
27,484,68,369,3115,126,2,42,275,44,44,25,42,6,6
27,485,81,234,623,131,3,63,384,66,66,36,63,1,4
27,486,66,128,349,109,9,57,283,64,64,53,57,5,2
27,487,137,324,1379,210,20,101,585,119,119,45,119,7,5
27,488,57,135,268,103,8,42,221,50,50,15,50,2,0
27,489,41,113,473,53,2,29,218,31,31,16,31,2,2
27,490,141,246,559,283,21,90,551,110,110,119,110,6,9
27,491,48,123.1428570747375,300,86,3,42,265,44,44,30,44,4,4
27,492,52,95,488,105,2,61,383,64,64,30,64,2,0
27,493,72,120,863,132,9,58,332,65,65,43,65,2,1
27,494,81,142,379,161,12,63,399,73,73,104,73,6,6
27,495,34,68,213,63,1,36,233,37,37,14,37,1,0
27,496,111,185,627,171,12,74,437,83,83,35,83,6,2
27,497,40,408,1877,142,1,22,154,23,23,22,23,1,4
27,498,36,115,365,71,4,25,186,29,29,10,25,2,0
27,499,32,40,87,58,4,25,151,29,29,28,25,0,0
27,500,80,255,611,132,9,62,434,69,69,35,62,1,2
27,665,44,59,134,120,2,36,271,38,38,13,38,1,7
28,502,21,144.125,308,82,7,84,560,0,0,202,21,1,10
28,503,23,168,518,24,4,89,531,0,0,429,0,3,11
28,504,6,71,163,16,8,71,343,0,0,203,9,1,11
28,505,6,87,241,51,18,79,779,0,0,282,8,1,10
28,506,10,146.7857141494751,312,88,10,73,571,0,0,88,0,2,15
28,510,7,104,266,18,9,62,482,0,0,279,7,2,10
28,511,5,151,530,10,13,98,479,0,0,45,4,1,9
28,515,3,91,244,36,12,66,469,0,0,910,1,1,10
28,517,5,88,180,32,8,75,456,0,0,149,1,1,8
28,519,7,58,132,23,1,74,428,0,0,677,0,1,8
28,520,11,330,1321,18,6,491,497,0,0,2094,0,1,9
28,521,5,44,113,13,6,67,524,0,0,98,4,1,6
28,523,4,67.76923084259033,132,12,1,81,669,0,0,517,1,1,10
29,524,13,113,217,37,2,45,229,45,45,0,229,5,2
29,525,22,352,2457,50,1,31,68,31,31,0,68,2,0
29,526,5,56,108,18,1,44,179,44,44,1,179,0,0
29,527,14,283,994,151,11,141,512,141,141,62,512,7,1
29,528,11,129,310,95,8,76,279,76,76,0,279,10,1
29,529,6,93,140,28,5,55,240,55,55,0,240,7,0
29,530,6,84,313,19,7,66,291,66,66,0,291,1,0
29,531,4,52,155,32,3,59,198,59,59,11,198,4,1
29,532,9,113,391,100,3,89,313,89,89,0,313,5,1
29,533,8,82,384,63,9,80,215,80,80,0,215,5,0
29,534,10,137,425,81,3,55,360,55,55,5,360,1,3
29,535,6,116,369,72,4,77,204,77,77,0,204,16,0
29,536,3,44,95,27,0,31,168,31,31,0,168,0,0
29,537,7,54,116,48,0,36,152,36,36,0,152,2,0
29,538,10,145,923,33,14,84,279,84,84,0,279,1,0
29,539,8,184,345,66,12,125,419,125,125,0,419,0,0
29,540,8,64,156,42,4,65,268,65,65,0,268,0,0
29,541,5,63,301,34,4,30,202,30,30,5,202,2,3
29,542,8,107,260,36,1,56,192,56,56,0,192,12,0
29,543,5,35,93,18,7,45,154,45,45,0,154,1,1
29,544,8,215,412,28,9,117,361,117,117,0,361,6,0
29,545,40,304,586,104,6,111,404,111,111,2,404,18,1
29,546,7,71,92,27,4,54,205,54,54,0,205,7,0
29,547,8,113,410,120,4,95,220,95,95,1,220,0,4
29,548,10,131,409,44,4,133,401,133,133,0,401,0,1
29,549,4,43,161,45,5,61,259,61,61,2,259,0,1
29,550,10,167,345,41,2,78,299,78,78,0,299,0,0
29,630,6,95,157,27,2,53,167,53,53,0,167,1,0
29,631,6,58,131,14,3,61,224,61,61,0,224,0,0
29,635,5,29,104,18,4,38,118,38,38,0,118,0,0
30,551,5,441,497,50,0,2,61,2,2,0,61,0,0
30,552,11,148,401,38,0,6,62,5,5,0,59,0,0
31,553,2,12,61,17,1,2,5,0,0,0,0,0,0
32,554,13,304,664,207,16,30,68,41,5,3,30,0,1
32,555,24,212,498,271,16,39,74,45,6,2,39,0,7
32,556,3,31,74,122,13,42,93,52,4,4,42,0,1
32,557,6,143,184,146,1,44,59,47,3,2,44,0,2
32,558,3,63,254,134,6,46,63,53,2,3,46,0,2
32,559,11,102,546,194,13,42,91,52,8,2,42,0,0
32,560,6,115,256,192,18,54,94,63,9,4,54,0,0
32,561,12,336,817,143,2,37,76,39,4,2,37,0,0
32,562,9,101,325,188,12,60,180,65,5,1,60,0,2
32,563,17,173,582,158,11,75,217,85,8,3,75,0,2
32,564,9,105,308,114,13,45,86,48,5,2,45,0,1
32,565,18,336,757,184,18,41,86,53,7,6,41,0,1
32,566,34,601,907,237,8,38,69,52,1,0,38,0,2
32,567,3,40,141,36,5,29,92,32,7,8,29,0,1
33,568,69,845,2430,98,0,0,2,0,0,0,0,0,3
33,569,16,220.1449275016785,856,89,4,35,183,54,37,0,35,0,5
33,570,9,235,501,77,9,57,326,81,57,0,57,0,3
33,571,4,13,62,47,6,37,287,43,37,0,37,0,4
33,572,13,124,425,89,5,60,369,82,61,0,60,0,2
33,573,15,243,805,90,6,47,248,63,47,0,47,0,3
33,574,13,241,646,50,3,16,129,27,16,0,16,0,5
33,575,11,83,308,93,7,37,84,37,37,0,37,0,1
33,576,7,77,307,45,8,31,168,62,31,0,31,0,0
33,577,5,141,248,55,9,47,304,76,47,0,47,0,5
33,578,13,312,1282,75,8,44,261,61,46,0,44,0,3
33,579,12,134,359,68,10,53,276,63,55,0,53,0,5
33,580,8,83,377,81,11,57,284,92,57,0,57,0,2
33,581,7,41,192,31,2,26,115,57,26,0,26,0,1
33,582,10,100,531,64,11,52,253,71,55,0,52,0,4
33,583,10,96,524,56,6,43,219,43,45,0,43,0,4
33,584,13,180,1049,126,10,81,400,114,81,0,81,0,5
33,585,12,117,529,56,10,41,282,81,41,0,41,0,4
33,586,15,196,1273,82,12,58,289,106,58,0,58,0,5
33,587,8,147,284,47,3,25,91,25,25,0,25,0,4
33,588,8,112,659,61,4,37,140,58,38,0,37,0,4
33,589,13,224,707,95,10,61,325,83,61,0,61,0,4
33,590,9,65,259,54,11,43,203,61,43,0,43,0,2
33,591,13,120,1046,81,8,53,466,54,54,0,53,0,2
33,592,13,98,247,75,6,34,173,42,35,0,34,0,8
33,593,7,89,344,97,15,80,439,205,80,0,80,0,1
33,594,9,284,641,60,8,33,220,80,33,0,33,0,4
33,595,16,182,712,49,4,18,179,28,19,0,18,0,2
33,596,7,75,326,65,14,55,422,60,56,0,55,0,2
33,597,8,129,554,65,13,37,216,63,39,0,37,0,6
33,610,3,18,68,36,6,32,155,54,33,0,32,0,0
33,634,8,101,559,71,8,37,207,73,38,0,37,0,9
33,729,3,49,173,33,7,27,285,33,27,0,27,0,1
33,730,3,66,123,42,4,30,208,40,30,0,30,0,2
33,731,3,32,131,24,4,15,178,27,15,0,15,0,0
33,732,1,15,40,28,5,26,148,51,26,0,26,0,1
33,733,5,51,185,47,6,40,161,46,40,0,40,0,2
34,598,1,60,325,4,1,8,15,22,9,0,8,0,0
34,599,2,32,177,6,0,0,0,0,0,0,0,0,0
34,600,9,484,1791,52,2,16,34,51,17,0,48,0,6
34,601,1,33,99,5,0,0,0,0,0,0,0,0,0
35,602,6,117,472,14,1,6,31,10,5,0,6,0,0
35,603,1,0,0,3,1,3,32,3,1,0,3,0,0
35,632,0,0,0,9,3,8,41,4,3,0,7,0,0
36,501,2,33,85,2,2,23,155,0,0,40,0,1,3
36,507,19,1281,2851,38,0,0,0,0,0,0,0,3,6
36,508,1,37,45,7,3,15,137,0,0,69,1,1,3
36,509,2,38,52,4,1,25,213,0,0,109,0,1,2
36,512,3,50,122,6,2,16,108,0,0,102,1,1,4
36,513,1,10,40,11,0,17,126,0,0,19,0,0,5
36,514,2,37,77,6,0,30,258,0,0,164,0,1,4
36,516,2,20,48,2,7,20,210,0,1,88,5,1,1
36,518,6,55,121,4,4,22,162,0,1,106,0,0,6
36,522,13,18,30,11,2,25,107,0,0,98,0,0,1
36,680,3,23,58,2,2,16,108,0,0,1,0,0,2
36,681,3,20,45,7,2,17,148,0,0,41,0,0,0
36,682,3,15,37,4,3,14,93,0,1,35,0,0,1
36,683,2,12,29,5,1,12,86,0,0,33,0,0,1
36,684,8,48,65,10,1,14,121,0,0,23,0,0,4
36,685,3,18,38,3,5,20,166,0,0,6,4,0,1
36,686,3,25.125,49,3,1,12,63,0,0,31,0,1,1
36,687,2,3,12,4,1,11,75,0,0,62,0,0,0
36,688,5,14,26,7,1,15,126,0,0,143,0,0,3
36,689,5,16,26,8,0,11,82,0,0,88,0,0,2
36,690,3,42,96,8,2,39,150,0,0,33,0,0,4
36,691,4,55,120,9,0,35,167,0,0,13,0,1,9
36,692,3,17,58,3,5,29,168,0,0,41,2,0,2
36,693,3,16,32,2,1,12,83,0,0,39,0,0,2
36,694,3,20,60,12,2,23,144,0,0,94,6,0,4
36,695,1,10,30,1,1,8,80,0,0,34,0,0,0
36,696,4,18,41,3,1,24,160,0,0,62,0,0,2
36,697,1,10,20,6,1,18,123,0,0,122,0,0,3
36,698,3,16,33,2,2,18,139,0,0,67,0,0,1
36,699,3,22,37,4,3,16,128,0,0,14,0,0,2
36,700,3,9,31,3,1,3,28,0,0,23,0,0,4
36,720,3,3,6,11,3,15,66,0,0,110,0,0,0
36,721,1,3,10,2,2,11,89,0,0,29,0,0,1
37,006,7,29,30,69,10,31,40,1,1,0,2,0,0
37,009,1,47,111,29,6,21,62,3,0,2,0,0,0
